,문제 파일명,정답 파일명,통합사회 1권/2권,대단원,소단원 (자세한),기존 사탐 범주,"내신 난이도 (상,중,하)",정답율%,기출문제 유무 (Y/N),태그 (쉼표구분),출처,비고,작업 상태값,,
예시),시간적 관점1,시간적 관점1,통합사회2,시장 경제와 지속가능발전,통합적 관점,기타,하,94,Y,"온대기후, 열대기후",2021년도 4월 학평 세계지리 5번,,,,
1,,,통합사회2,시장 경제와 지속가능발전,자본주의의 전개 과정과 경제 체제,경제,하,85,Y,경제활동의 유형,2023학년도 6월 모평 1번,,,,
2,,,통합사회2,시장 경제와 지속가능발전,자본주의의 전개 과정과 경제 체제,경제,하,79,Y,경제활동의 유형,2022년 3월 학평 1번,,,,
3,,,통합사회2,시장 경제와 지속가능발전,합리적 선택과 경제 주체의 역할,경제,하,86,Y,경제 주체와 경제 객체,2020년 4월 학평 1번,,,,
4,,,통합사회2,시장 경제와 지속가능발전,자본주의의 전개 과정과 경제 체제,경제,하,80,Y,경제 활동의 유형,2020학년도 6월 모평 1번,,,,
5,,,통합사회2,시장 경제와 지속가능발전,자본주의의 전개 과정과 경제 체제,경제,하,69,Y,경제 활동의 유형,2019년 7월 학평 15번,,,,
6,,,통합사회2,시장 경제와 지속가능발전,자본주의의 전개 과정과 경제 체제,경제,하,65,Y,경제 활동의 유형,2022년 4월 학평 2번,,,,
7,,,통합사회2,시장 경제와 지속가능발전,합리적 선택과 경제 주체의 역할,경제,하,65,Y,경제 주체와 경제 객체,2020학년도 6월 모평 2번,,,,
8,,,통합사회2,시장 경제와 지속가능발전,합리적 선택과 경제 주체의 역할,경제,하,88,Y,경제 활동의 유형 + 경제 주체와 경제 객채,2025학년도 9월 모평 1번,,,,
9,,,통합사회2,시장 경제와 지속가능발전,합리적 선택과 경제 주체의 역할,경제,하,95,Y,민간 부문의 순환,2022학년도 수능 2번,,,,
10,,,통합사회2,시장 경제와 지속가능발전,합리적 선택과 경제 주체의 역할,경제,하,86,Y,민간 부문의 순환,2023년 4월 학평 2번,,,,
11,,,통합사회2,시장 경제와 지속가능발전,합리적 선택과 경제 주체의 역할,경제,하,93,Y,민간 부문의 순환,2024년 7월 학평 1번,,,,
12,,,통합사회2,시장 경제와 지속가능발전,합리적 선택과 경제 주체의 역할,경제,하,87,Y,민간 부문의 순환,2019년 4월 학평 1번,,,,
13,,,통합사회2,시장 경제와 지속가능발전,합리적 선택과 경제 주체의 역할,경제,하,85,Y,민간 부문의 순환,2024학년도 6월 모평 1번,,,,
14,,,통합사회2,시장 경제와 지속가능발전,합리적 선택과 경제 주체의 역할,경제,하,87,Y,민간 부문의 순환,2023학년도 9월 모평 2번,,,,
15,,,통합사회2,시장 경제와 지속가능발전,합리적 선택과 경제 주체의 역할,경제,하,88,Y,민간 부문의 순환,2024학년도 9월 모평 1번,,,,
16,,,통합사회2,시장 경제와 지속가능발전,합리적 선택과 경제 주체의 역할,경제,하,93,Y,민간 부문의 순환,2021년 10월 학평 5번,,,,
17,,,통합사회2,시장 경제와 지속가능발전,합리적 선택과 경제 주체의 역할,경제,하,93,Y,민간 부문의 순환,2022학년도 9월 모평 2번,,,,
18,,,통합사회2,시장 경제와 지속가능발전,합리적 선택과 경제 주체의 역할,경제,하,88,Y,민간 부문의 순환,2020년 10월 학평 1번,,,,
19,,,통합사회2,시장 경제와 지속가능발전,합리적 선택과 경제 주체의 역할,경제,하,90,Y,민간 부문의 순환,2023학년도 수능 1번,,,,
20,,,통합사회2,시장 경제와 지속가능발전,합리적 선택과 경제 주체의 역할,경제,하,89,Y,민간 부문의 순환,2023년 7월 학평 1번,,,,
21,,,통합사회2,시장 경제와 지속가능발전,합리적 선택과 경제 주체의 역할,경제,하,88,Y,민간 부문의 순환,2021학년도 수능 1번,,,,
22,,,통합사회2,시장 경제와 지속가능발전,합리적 선택과 경제 주체의 역할,경제,하,86,Y,민간 부문의 순환,2024학년도 수능 1번,,,,
23,,,통합사회2,시장 경제와 지속가능발전,합리적 선택과 경제 주체의 역할,경제,하,84,Y,민간 부문의 순환,2024년 4월 학평 1번,,,,
24,,,통합사회2,시장 경제와 지속가능발전,합리적 선택과 경제 주체의 역할,경제,하,79,Y,민간 부문의 순환,2020년 3월 학평 13번,,,,
25,,,통합사회2,시장 경제와 지속가능발전,합리적 선택과 경제 주체의 역할,경제,하,77,Y,민간 부문의 순환,2021년 4월 학평 17번,,,,
26,,,통합사회2,시장 경제와 지속가능발전,합리적 선택과 경제 주체의 역할,경제,하,74,Y,민간 부문의 순환,2024년 3월 학평 1번,,,,
27,,,통합사회2,시장 경제와 지속가능발전,합리적 선택과 경제 주체의 역할,경제,하,74,Y,민간 부문의 순환,2019년 10월 학평 1번,,,,
28,,,통합사회2,시장 경제와 지속가능발전,합리적 선택과 경제 주체의 역할,경제,하,68,Y,민간 부문의 순환,2019년 3월 학평 1번,,,,
29,,,통합사회2,시장 경제와 지속가능발전,합리적 선택과 경제 주체의 역할,경제,하,87,Y,민간 부문의 순환,2025학년도 수능 1번,,,,
30,,,통합사회2,시장 경제와 지속가능발전,합리적 선택과 경제 주체의 역할,경제,하,90,Y,자원의 희소성 + 기본적인 경제 문제,2023학년도 9월 모평 3번,,,,
31,,,통합사회2,시장 경제와 지속가능발전,합리적 선택과 경제 주체의 역할,경제,하,85,Y,기본적인 경제 문제,2024년 4월 학평 4번,,,,
32,,,통합사회2,시장 경제와 지속가능발전,합리적 선택과 경제 주체의 역할,경제,하,89,Y,무상재(자유재)와 경제재,2022년 7월 학평 1번,,,,
33,,,통합사회2,시장 경제와 지속가능발전,합리적 선택과 경제 주체의 역할,경제,하,71,Y,무상재(자유재)와 경제재,2022학년도 9월 모평 5번,,,,
34,,,통합사회2,시장 경제와 지속가능발전,합리적 선택과 경제 주체의 역할,경제,하,91,Y,기본적인 경제 문제,2021년 4월 학평 4번,,,,
35,,,통합사회2,시장 경제와 지속가능발전,합리적 선택과 경제 주체의 역할,경제,하,79,Y,기본적인 경제 문제,2020년 3월 학평 1번,,,,
36,,,통합사회2,시장 경제와 지속가능발전,합리적 선택과 경제 주체의 역할,경제,하,90,Y,기본적인 경제 문제,2022년 4월 학평 6번,,,,
37,,,통합사회2,시장 경제와 지속가능발전,합리적 선택과 경제 주체의 역할,경제,하,79,Y,기본적인 경제 문제,2019년 4월 학평 4번,,,,
38,,,통합사회2,시장 경제와 지속가능발전,합리적 선택과 경제 주체의 역할,경제,하,85,Y,기회비용,2021년 3월 학평 3번,,,,
39,,,통합사회2,시장 경제와 지속가능발전,합리적 선택과 경제 주체의 역할,경제,하,75,Y,편익과 비용,2023학년도 9월 모평 7번,,,,
40,,,통합사회2,시장 경제와 지속가능발전,합리적 선택과 경제 주체의 역할,경제,하,75,Y,기회비용 + 편익과 비용,2024년 3월 학평 12번,,,,
41,,,통합사회2,시장 경제와 지속가능발전,합리적 선택과 경제 주체의 역할,경제,하,80,Y,편익과 비용,2021년 4월 학평 5번,,,,
42,,,통합사회2,시장 경제와 지속가능발전,합리적 선택과 경제 주체의 역할,경제,하,77,Y,기회비용 + 편익과 비용,2024년 7월 학평 4번,,,,
43,,,통합사회2,시장 경제와 지속가능발전,합리적 선택과 경제 주체의 역할,경제,중,47,Y,편익과 비용,2022년 10월 학평 11번,,,,
44,,,통합사회2,시장 경제와 지속가능발전,합리적 선택과 경제 주체의 역할,경제,하,76,Y,편익과 비용,2022학년도 수능 11번,,,,
45,,,통합사회2,시장 경제와 지속가능발전,합리적 선택과 경제 주체의 역할,경제,하,69,Y,편익과 비용,2022학년도 6월 모평 16번,,,,
46,,,통합사회2,시장 경제와 지속가능발전,합리적 선택과 경제 주체의 역할,경제,중,49,Y,편익과 비용,2022년 3월  학평 7번,,,,
47,,,통합사회2,시장 경제와 지속가능발전,합리적 선택과 경제 주체의 역할,경제,하,65,Y,편익과 비용,2023학년도 6월 모평 6번,,,,
48,,,통합사회2,시장 경제와 지속가능발전,합리적 선택과 경제 주체의 역할,경제,하,72,Y,편익과 비용,2020학년도 9월 모평 7번,,,,
49,,,통합사회2,시장 경제와 지속가능발전,합리적 선택과 경제 주체의 역할,경제,중,55,Y,기회비용 + 편익과 비용,2025학년도 9월 모평 10번,,,,
50,,,통합사회2,시장 경제와 지속가능발전,합리적 선택과 경제 주체의 역할,경제,중,50,Y,편익과 비용,2019년 10월 학평 3번,,,,
51,,,통합사회2,시장 경제와 지속가능발전,합리적 선택과 경제 주체의 역할,경제,중,42,Y,편익과 비용,2020년 7월 학평 19번,,,,
52,,,통합사회2,시장 경제와 지속가능발전,합리적 선택과 경제 주체의 역할,경제,하,87,Y,매몰 비용,2019년 4월 학평 2번,,,,
53,,,통합사회2,시장 경제와 지속가능발전,합리적 선택과 경제 주체의 역할,경제,하,78,Y,편익과 비용,2022년 4월 학평 16번,,,,
54,,,통합사회2,시장 경제와 지속가능발전,합리적 선택과 경제 주체의 역할,경제,하,75,Y,편익과 비용,2021학년도 9월 모평 5번,,,,
55,,,통합사회2,시장 경제와 지속가능발전,합리적 선택과 경제 주체의 역할,경제,하,68,Y,기회비용 + 편익과 비용,2024년 4월 학평 13번,,,,
56,,,통합사회2,시장 경제와 지속가능발전,합리적 선택과 경제 주체의 역할,경제,하,89,Y,편익과 비용,2020년 4월 학평 5번,,,,
57,,,통합사회2,시장 경제와 지속가능발전,합리적 선택과 경제 주체의 역할,경제,하,81,Y,기회비용 + 편익과 비용,2024년 10월 학평 10번,,,,
58,,,통합사회2,시장 경제와 지속가능발전,합리적 선택과 경제 주체의 역할,경제,하,75,Y,기회비용,2020년 7월 학평 3번,,,,
59,,,통합사회2,시장 경제와 지속가능발전,합리적 선택과 경제 주체의 역할,경제,중,52,Y,편익과 비용,2020년 10월 학평 5번,,,,
60,,,통합사회2,시장 경제와 지속가능발전,합리적 선택과 경제 주체의 역할,경제,하,80,Y,기회비용 + 편익과 비용,2019년 3월 학평 4번,,,,
61,,,통합사회2,시장 경제와 지속가능발전,합리적 선택과 경제 주체의 역할,경제,중,47,Y,편익과 비용,2023년 3월 학평 20번,,,,
62,,,통합사회2,시장 경제와 지속가능발전,합리적 선택과 경제 주체의 역할,경제,하,75,Y,기회비용 + 편익과 비용 + 매몰 비용,2024학년도 9월 모평 4번,,,,
63,,,통합사회2,시장 경제와 지속가능발전,합리적 선택과 경제 주체의 역할,경제,중,50,Y,편익과 비용,2020학년도 수능 15번,,,,
64,,,통합사회2,시장 경제와 지속가능발전,합리적 선택과 경제 주체의 역할,경제,하,78,Y,편익과 비용,2020학년도 6월 모평 4번,,,,
65,,,통합사회2,시장 경제와 지속가능발전,합리적 선택과 경제 주체의 역할,경제,하,65,Y,기회비용 + 편익과 비용,2023년 10월 학평 16번,,,,
66,,,통합사회2,시장 경제와 지속가능발전,합리적 선택과 경제 주체의 역할,경제,중,58,Y,기회비용 + 편익과 비용 + 매몰 비용,2024학년도 6월 모평 5번,,,,
67,,,통합사회2,시장 경제와 지속가능발전,합리적 선택과 경제 주체의 역할,경제,하,79,Y,기회비용 + 편익과 비용,2022년 7월 학평 3번,,,,
68,,,통합사회2,시장 경제와 지속가능발전,합리적 선택과 경제 주체의 역할,경제,하,64,Y,편익과 비용,2023년 4월 학평 4번,,,,
69,,,통합사회2,시장 경제와 지속가능발전,합리적 선택과 경제 주체의 역할,경제,하,66,Y,편익과 비용,2021년 10월 학평 1번,,,,
70,,,통합사회2,시장 경제와 지속가능발전,합리적 선택과 경제 주체의 역할,경제,중,49,Y,기회비용 + 편익과 비용,2025학년도 6월 모평 10번,,,,
71,,,통합사회2,시장 경제와 지속가능발전,합리적 선택과 경제 주체의 역할,경제,하,71,Y,기회비용 + 편익과 비용,2023학년도 수능 6번,,,,
72,,,통합사회2,시장 경제와 지속가능발전,합리적 선택과 경제 주체의 역할,경제,상,35,Y,기회비용 + 편익과 비용 + 매몰 비용,2024학년도 수능 10번,,,,
73,,,통합사회2,시장 경제와 지속가능발전,합리적 선택과 경제 주체의 역할,경제,하,71,Y,편익과 비용,2021년 7월 학평 2번,,,,
74,,,통합사회2,시장 경제와 지속가능발전,합리적 선택과 경제 주체의 역할,경제,하,80,Y,기회비용 + 편익과 비용,2023년 7월 학평 3번,,,,
75,,,통합사회2,시장 경제와 지속가능발전,합리적 선택과 경제 주체의 역할,경제,중,56,Y,편익과 비용,2021학년도 수능 14번,,,,
76,,,통합사회2,시장 경제와 지속가능발전,합리적 선택과 경제 주체의 역할,경제,상,36,Y,기회비용 + 편익과 비용,2025학년도 수능 10번,,,,
77,,,통합사회2,시장 경제와 지속가능발전,합리적 선택과 경제 주체의 역할,경제,하,93,Y,경제적 유인,2023년 7월 학평 4번,,,,
78,,,통합사회2,시장 경제와 지속가능발전,합리적 선택과 경제 주체의 역할,경제,하,85,Y,경제적 유인,2020년 7월 학평 1번,,,,
79,,,통합사회2,시장 경제와 지속가능발전,합리적 선택과 경제 주체의 역할,경제,하,78,Y,경제적 유인,2020년 3월 학평 2번,,,,
80,,,통합사회2,시장 경제와 지속가능발전,합리적 선택과 경제 주체의 역할,경제,하,92,Y,경제적 유인,2022학년도 9월 모평 3번,,,,
81,,,통합사회2,시장 경제와 지속가능발전,합리적 선택과 경제 주체의 역할,경제,하,78,Y,경제적 유인,2020학년도 9월 모평 2번,,,,
82,,,통합사회2,시장 경제와 지속가능발전,자본주의의 전개 과정과 경제 체제,경제,하,97,Y,경제 체제 유형과 특징,2024학년도 수능 2번,,,,
83,,,통합사회2,시장 경제와 지속가능발전,자본주의의 전개 과정과 경제 체제,경제,하,95,Y,경제 체제 유형과 특징,2023년 10월 학평 2번,,,,
84,,,통합사회2,시장 경제와 지속가능발전,자본주의의 전개 과정과 경제 체제,경제,하,94,Y,경제 체제 유형과 특징,2024학년도 9월 모평 2번,,,,
85,,,통합사회2,시장 경제와 지속가능발전,자본주의의 전개 과정과 경제 체제,경제,하,95,Y,경제 체제 유형과 특징,2022학년도 9월 모평 1번,,,,
86,,,통합사회2,시장 경제와 지속가능발전,자본주의의 전개 과정과 경제 체제,경제,하,91,Y,경제 체제 유형과 특징,2021년 3월 학평 4번,,,,
87,,,통합사회2,시장 경제와 지속가능발전,자본주의의 전개 과정과 경제 체제,경제,하,92,Y,경제 체제 유형과 특징,2024년 4월 학평 2번,,,,
88,,,통합사회2,시장 경제와 지속가능발전,자본주의의 전개 과정과 경제 체제,경제,하,90,Y,경제 체제 유형과 특징,2022년 3월 학평 6번,,,,
89,,,통합사회2,시장 경제와 지속가능발전,자본주의의 전개 과정과 경제 체제,경제,하,96,Y,경제 체제 유형과 특징,2022학년도 수능 1번,,,,
90,,,통합사회2,시장 경제와 지속가능발전,자본주의의 전개 과정과 경제 체제,경제,하,85,Y,경제 체제 유형과 특징,2025학년도 6월 모평 2번,,,,
91,,,통합사회2,시장 경제와 지속가능발전,자본주의의 전개 과정과 경제 체제,경제,하,82,Y,경제 체제 유형과 특징,2024년 3월 학평 9번,,,,
92,,,통합사회2,시장 경제와 지속가능발전,자본주의의 전개 과정과 경제 체제,경제,하,89,Y,경제 체제 유형과 특징,2023학년도 6월 모평 2번,,,,
93,,,통합사회2,시장 경제와 지속가능발전,자본주의의 전개 과정과 경제 체제,경제,하,93,Y,경제 체제 유형과 특징,2021년 10월 학평 4번,,,,
94,,,통합사회2,시장 경제와 지속가능발전,자본주의의 전개 과정과 경제 체제,경제,하,89,Y,경제 체제 유형과 특징,2021년 7월 학평 3번,,,,
95,,,통합사회2,시장 경제와 지속가능발전,자본주의의 전개 과정과 경제 체제,경제,하,93,Y,경제 체제 유형과 특징,2021학년도 9월 모평 2번,,,,
96,,,통합사회2,시장 경제와 지속가능발전,자본주의의 전개 과정과 경제 체제,경제,하,85,Y,경제 체제 유형과 특징,2019년 3월 학평 11번,,,,
97,,,통합사회2,시장 경제와 지속가능발전,자본주의의 전개 과정과 경제 체제,경제,하,90,Y,경제 체제 유형과 특징,2024년 7월 학평 17번,,,,
98,,,통합사회2,시장 경제와 지속가능발전,자본주의의 전개 과정과 경제 체제,경제,하,91,Y,경제 체제 유형과 특징,2020년 4월 학평 2번,,,,
99,,,통합사회2,시장 경제와 지속가능발전,자본주의의 전개 과정과 경제 체제,경제,하,87,Y,경제 체제 유형과 특징,2021학년도 6월 모평 1번,,,,
100,,,통합사회2,시장 경제와 지속가능발전,자본주의의 전개 과정과 경제 체제,경제,하,93,Y,경제 체제 유형과 특징,2022학년도 6월 모평 4번,,,,
101,,,통합사회2,시장 경제와 지속가능발전,자본주의의 전개 과정과 경제 체제,경제,하,85,Y,경제 체제 유형과 특징,2020년 10월 학평 17번,,,,
102,,,통합사회2,시장 경제와 지속가능발전,자본주의의 전개 과정과 경제 체제,경제,하,88,Y,경제 체제 유형과 특징,2023년 3월 학평 2번,,,,
103,,,통합사회2,시장 경제와 지속가능발전,자본주의의 전개 과정과 경제 체제,경제,하,93,Y,경제 체제 유형과 특징,2021학년도 수능 2번,,,,
104,,,통합사회2,시장 경제와 지속가능발전,자본주의의 전개 과정과 경제 체제,경제,하,90,Y,경제 체제 유형과 특징,2023학년도 9월 모평 1번,,,,
105,,,통합사회2,시장 경제와 지속가능발전,자본주의의 전개 과정과 경제 체제,경제,하,89,Y,경제 체제 유형과 특징,2022년 7월 학평 4번,,,,
106,,,통합사회2,시장 경제와 지속가능발전,자본주의의 전개 과정과 경제 체제,경제,하,92,Y,경제 체제 유형과 특징,2024학년도 6월 모평 2번,,,,
107,,,통합사회2,시장 경제와 지속가능발전,자본주의의 전개 과정과 경제 체제,경제,하,95,Y,경제 체제 유형과 특징,2025학년도 9월 모평 2번,,,,
108,,,통합사회2,시장 경제와 지속가능발전,자본주의의 전개 과정과 경제 체제,경제,하,91,Y,경제 체제 유형과 특징,2023년 4월 학평 1번,,,,
109,,,통합사회2,시장 경제와 지속가능발전,자본주의의 전개 과정과 경제 체제,경제,하,93,Y,경제 체제 유형과 특징,2023년 7월 학평 6번,,,,
110,,,통합사회2,시장 경제와 지속가능발전,자본주의의 전개 과정과 경제 체제,경제,하,90,Y,경제 체제 유형과 특징,2022년 10월 학평 6월,,,,
111,,,통합사회2,시장 경제와 지속가능발전,자본주의의 전개 과정과 경제 체제,경제,하,82,Y,경제 체제 유형과 특징,2023학년도 수능 2번,,,,
112,,,통합사회2,시장 경제와 지속가능발전,자본주의의 전개 과정과 경제 체제,경제,하,69,Y,경제 체제 유형과 특징,2020학년도 9월 모평 6번,,,,
113,,,통합사회2,시장 경제와 지속가능발전,자본주의의 전개 과정과 경제 체제,경제,하,79,Y,경제 체제 유형과 특징,2022년 4월 학평 1번,,,,
114,,,통합사회2,시장 경제와 지속가능발전,자본주의의 전개 과정과 경제 체제,경제,하,78,Y,경제 체제 유형과 특징,2020년 7월 학평 2번,,,,
115,,,통합사회2,시장 경제와 지속가능발전,자본주의의 전개 과정과 경제 체제,경제,하,77,Y,경제 체제 유형과 특징,2019년 10월 학평 6번,,,,
116,,,통합사회2,시장 경제와 지속가능발전,자본주의의 전개 과정과 경제 체제,경제,하,94,Y,경제 체제 유형과 특징,2024년 10월 학평 2번,,,,
117,,,통합사회2,시장 경제와 지속가능발전,자본주의의 전개 과정과 경제 체제,경제,하,89,Y,경제 체제 유형과 특징,2025학년도 수능 6번,,,,
118,,,통합사회2,시장 경제와 지속가능발전,합리적 선택과 경제 주체의 역할,경제,하,90,Y,정부의  경제적 역할,2021년 4월 학평 6번,,,,
119,,,통합사회2,시장 경제와 지속가능발전,합리적 선택과 경제 주체의 역할,경제,하,88,Y,정부의  경제적 역할,2024년 7월 학평 2번,,,,
120,,,통합사회2,시장 경제와 지속가능발전,합리적 선택과 경제 주체의 역할,경제,하,81,Y,정부의  경제적 역할,2021학년도 9월 모평 1번,,,,
121,,,통합사회2,시장 경제와 지속가능발전,합리적 선택과 경제 주체의 역할,경제,하,60,Y,조세의 분류,2019년 4월 학평 15번,,,,
122,,,통합사회2,시장 경제와 지속가능발전,합리적 선택과 경제 주체의 역할,경제,하,75,Y,조세의 분류,2020학년도 9월 모평 3번,,,,
123,,,통합사회2,시장 경제와 지속가능발전,합리적 선택과 경제 주체의 역할,경제,하,63,Y,조세의 분류,2020학년도 6월 모평 6번,,,,
124,,,통합사회2,시장 경제와 지속가능발전,합리적 선택과 경제 주체의 역할,경제,중,59,Y,조세의 분류,2019년 10월 학평 9번,,,,
125,,,통합사회2,시장 경제와 지속가능발전,합리적 선택과 경제 주체의 역할,경제,하,60,Y,조세의 분류,2019년 7월 학평 5번,,,,
126,,,통합사회2,시장 경제와 지속가능발전,합리적 선택과 경제 주체의 역할,경제,하,65,Y,조세의 분류,2020년 4월 학평 15번,,,,
127,,,통합사회2,시장 경제와 지속가능발전,합리적 선택과 경제 주체의 역할,경제,하,84,Y,조세의 분류,2021년 3월 학평 11번,,,,
128,,,통합사회2,시장 경제와 지속가능발전,합리적 선택과 경제 주체의 역할,경제,상,27,Y,조세의 분류,2020학년도 수능 17번,,,,
129,,,통합사회2,시장 경제와 지속가능발전,합리적 선택과 경제 주체의 역할,경제,하,64,Y,조세의 분류,2020년 10월 학평 10번,,,,
130,,,통합사회2,시장 경제와 지속가능발전,합리적 선택과 경제 주체의 역할,경제,하,76,Y,대체재와 보완재,2020년 7월 학평 13번,,,,
131,,,통합사회2,시장 경제와 지속가능발전,합리적 선택과 경제 주체의 역할,경제,하,81,Y,대체재와 보완재,2021학년도 6월 모평 3번,,,,
132,,,통합사회2,시장 경제와 지속가능발전,합리적 선택과 경제 주체의 역할,경제,하,87,Y,대체재와 보완재,2022학년도 9월 모평 18번,,,,
133,,,통합사회2,시장 경제와 지속가능발전,합리적 선택과 경제 주체의 역할,경제,하,77,Y,대체재와 보완재,2019년 3월 학평 7번,,,,
134,,,통합사회2,시장 경제와 지속가능발전,합리적 선택과 경제 주체의 역할,경제,하,63,Y,대체재와 보완재,2020년 4월 학평 7번,,,,
135,,,통합사회2,시장 경제와 지속가능발전,합리적 선택과 경제 주체의 역할,경제,중,52,Y,대체재와 보완재,2020년 3월 학평 20번,,,,
136,,,통합사회2,시장 경제와 지속가능발전,합리적 선택과 경제 주체의 역할,경제,하,65,Y,대체재와 보완재,2023년 7월 학평 18번,,,,
137,,,통합사회2,시장 경제와 지속가능발전,합리적 선택과 경제 주체의 역할,경제,하,75,Y,수요의 가격 탄력성,2020학년도 수능 3번,,,,
138,,,통합사회2,시장 경제와 지속가능발전,합리적 선택과 경제 주체의 역할,경제,상,36,Y,수요의 가격 탄력성,2019년 7월 학평 10번,,,,
139,,,통합사회2,시장 경제와 지속가능발전,합리적 선택과 경제 주체의 역할,경제,하,69,Y,수요의 가격 탄력성,2019년 3월 학평 3번,,,,
140,,,통합사회2,시장 경제와 지속가능발전,합리적 선택과 경제 주체의 역할,경제,하,71,Y,수요의 가격 탄력성 + 공급의 가격 탄력성,2018년 7월 학평 5번,,,,
141,,,통합사회2,시장 경제와 지속가능발전,합리적 선택과 경제 주체의 역할,경제,하,68,Y,수요의 가격 탄력성,2019년 4월 학평 14번,,,,
142,,,통합사회2,시장 경제와 지속가능발전,합리적 선택과 경제 주체의 역할,경제,하,65,Y,수요의 가격 탄력성,2019년 10월 학평 4번,,,,
143,,,통합사회2,시장 경제와 지속가능발전,합리적 선택과 경제 주체의 역할,경제,하,76,Y,수요의 가격 탄력성,2020학년도 9월 모평 14번,,,,
144,,,통합사회2,시장 경제와 지속가능발전,합리적 선택과 경제 주체의 역할,경제,하,60,Y,수요의 가격 탄력성과 판매 수입,2020년 3월 학평 9번,,,,
145,,,통합사회2,시장 경제와 지속가능발전,합리적 선택과 경제 주체의 역할,경제,하,68,Y,수요의 가격 탄력성과 판매 수입,2020학년도 9월 모평 19번,,,,
146,,,통합사회2,시장 경제와 지속가능발전,합리적 선택과 경제 주체의 역할,경제,하,63,Y,수요의 가격 탄력성과 판매 수입,2020년 4월 학평 10번,,,,
147,,,통합사회2,시장 경제와 지속가능발전,합리적 선택과 경제 주체의 역할,경제,상,27,Y,수요의 가격 탄력성과 판매 수입,2019학년도 9월 모평 13번,,,,
148,,,통합사회2,시장 경제와 지속가능발전,합리적 선택과 경제 주체의 역할,경제,하,71,Y,수요의 가격 탄력성과 판매 수입 + 가격 차별화,2018년 4월 학평 16번,,,,
149,,,통합사회2,시장 경제와 지속가능발전,합리적 선택과 경제 주체의 역할,경제,하,79,Y,총잉여(사회적 잉여),2025학년도 6월 모평 8번,,,,
150,,,통합사회2,시장 경제와 지속가능발전,합리적 선택과 경제 주체의 역할,경제,하,72,Y,총잉여(사회적 잉여),2019년 3월 학평 12번,,,,
151,,,통합사회2,시장 경제와 지속가능발전,합리적 선택과 경제 주체의 역할,경제,하,69,Y,총잉여(사회적 잉여),2021학년도 9월 모평 10번,,,,
152,,,통합사회2,시장 경제와 지속가능발전,합리적 선택과 경제 주체의 역할,경제,하,74,Y,가격 규제에 따른 잉여 분석,2025학년도 9월 모평 8번,,,,
153,,,통합사회2,시장 경제와 지속가능발전,합리적 선택과 경제 주체의 역할,경제,상,32,Y,총잉여(사회적 잉여),2019년 10월 학평 20번,,,,
154,,,통합사회2,시장 경제와 지속가능발전,합리적 선택과 경제 주체의 역할,경제,하,65,Y,가격 규제에 따른 잉여 분석,2023년 4월 학평 13번,,,,
155,,,통합사회2,시장 경제와 지속가능발전,합리적 선택과 경제 주체의 역할,경제,하,70,Y,가격 규제에 따른 잉여 분석,2023학년도 9월 모평 9번,,,,
156,,,통합사회2,시장 경제와 지속가능발전,합리적 선택과 경제 주체의 역할,경제,상,39,Y,총잉여(사회적 잉여),2022학년도 수능 20번,,,,
157,,,통합사회2,시장 경제와 지속가능발전,합리적 선택과 경제 주체의 역할,경제,중,47,Y,가격 규제에 따른 잉여 분석,2020학년도 수능 10번,,,,
158,,,통합사회2,시장 경제와 지속가능발전,합리적 선택과 경제 주체의 역할,경제,하,75,Y,가격 규제에 따른 잉여 분석,2023년 3월 학평 14번,,,,
159,,,통합사회2,시장 경제와 지속가능발전,합리적 선택과 경제 주체의 역할,경제,하,68,Y,가격 규제에 따른 잉여 분석,2021년 4월 학평 14번,,,,
160,,,통합사회2,시장 경제와 지속가능발전,합리적 선택과 경제 주체의 역할,경제,하,62,Y,총잉여(사회적 잉여),2024학년도 9월 모평 10번,,,,
161,,,통합사회2,시장 경제와 지속가능발전,합리적 선택과 경제 주체의 역할,경제,하,64,Y,총잉여(사회적 잉여),2025학년도 수능 14번,,,,
162,,,통합사회2,시장 경제와 지속가능발전,합리적 선택과 경제 주체의 역할,경제,하,92,Y,시장 실패의 의미와 유형,2024년 4월 학평 6번,,,,
163,,,통합사회2,시장 경제와 지속가능발전,합리적 선택과 경제 주체의 역할,경제,하,81,Y,시장 실패의 의미와 유형,2020년 3월 학평 8번,,,,
164,,,통합사회2,시장 경제와 지속가능발전,합리적 선택과 경제 주체의 역할,경제,하,89,Y,시장 실패의 의미와 유형,2020년 7월 학평 7번,,,,
165,,,통합사회2,시장 경제와 지속가능발전,합리적 선택과 경제 주체의 역할,경제,중,48,Y,시장 실패의 의미와 유형,2021학년도 9월 모평 6번,,,,
166,,,통합사회2,시장 경제와 지속가능발전,합리적 선택과 경제 주체의 역할,경제,하,66,Y,시장 실패의 의미와 유형,2023학년도 6월 모평 10번,,,,
167,,,통합사회2,시장 경제와 지속가능발전,합리적 선택과 경제 주체의 역할,경제,하,86,Y,시장 실패의 의미와 유형,2022년 10월 학평 1번,,,,
168,,,통합사회2,시장 경제와 지속가능발전,합리적 선택과 경제 주체의 역할,경제,하,94,Y,시장 실패의 의미와 유형,2021년 4월 학평 2번,,,,
169,,,통합사회2,시장 경제와 지속가능발전,합리적 선택과 경제 주체의 역할,경제,하,95,Y,시장 실패의 의미와 유형,2022학년도 6월 모평 1번,,,,
170,,,통합사회2,시장 경제와 지속가능발전,합리적 선택과 경제 주체의 역할,경제,하,91,Y,시장 실패의 의미와 유형,2021학년도 수능 3번,,,,
171,,,통합사회2,시장 경제와 지속가능발전,합리적 선택과 경제 주체의 역할,경제,중,54,Y,시장 실패의 의미와 유형,2022년 3월 학평 10번,,,,
172,,,통합사회2,시장 경제와 지속가능발전,합리적 선택과 경제 주체의 역할,경제,하,63,Y,시장 실패의 의미와 유형,2023년 3월 학평 3번,,,,
173,,,통합사회2,시장 경제와 지속가능발전,합리적 선택과 경제 주체의 역할,경제,하,86,Y,시장 실패의 의미와 유형,2025학년도 6월 모평 4번,,,,
174,,,통합사회2,시장 경제와 지속가능발전,합리적 선택과 경제 주체의 역할,경제,하,97,Y,시장 실패의 의미와 유형,2024학년도 수능 3번,,,,
175,,,통합사회2,시장 경제와 지속가능발전,합리적 선택과 경제 주체의 역할,경제,하,74,Y,외부효과,2025학년도 9월 모평 5번,,,,
176,,,통합사회2,시장 경제와 지속가능발전,합리적 선택과 경제 주체의 역할,경제,하,80,Y,외부효과,2021년 3월 학평 10번,,,,
177,,,통합사회2,시장 경제와 지속가능발전,합리적 선택과 경제 주체의 역할,경제,하,75,Y,외부효과,2024년 4월 학평 7번,,,,
178,,,통합사회2,시장 경제와 지속가능발전,합리적 선택과 경제 주체의 역할,경제,하,66,Y,외부효과,2024년 3월 학평 10번,,,,
179,,,통합사회2,시장 경제와 지속가능발전,합리적 선택과 경제 주체의 역할,경제,하,79,Y,외부효과,2019년 7월 학평 6번,,,,
180,,,통합사회2,시장 경제와 지속가능발전,합리적 선택과 경제 주체의 역할,경제,하,80,Y,외부효과,2021년 4월 학평 8번,,,,
181,,,통합사회2,시장 경제와 지속가능발전,합리적 선택과 경제 주체의 역할,경제,중,53,Y,외부효과,2023년 7월 학평 16번,,,,
182,,,통합사회2,시장 경제와 지속가능발전,합리적 선택과 경제 주체의 역할,경제,중,57,Y,외부효과,2022년 3월 학평 3번,,,,
183,,,통합사회2,시장 경제와 지속가능발전,합리적 선택과 경제 주체의 역할,경제,중,59,Y,외부효과,2023년 4월 학평 5번,,,,
184,,,통합사회2,시장 경제와 지속가능발전,합리적 선택과 경제 주체의 역할,경제,하,72,Y,외부효과,2023학년도 6월 모평 3번,,,,
185,,,통합사회2,시장 경제와 지속가능발전,합리적 선택과 경제 주체의 역할,경제,하,70,Y,외부효과,2024학년도 6월 모평 11번,,,,
186,,,통합사회2,시장 경제와 지속가능발전,합리적 선택과 경제 주체의 역할,경제,중,54,Y,외부효과,2022년 4월 학평 10번,,,,
187,,,통합사회2,시장 경제와 지속가능발전,합리적 선택과 경제 주체의 역할,경제,하,82,Y,외부효과,2022학년도 수능 4번,,,,
188,,,통합사회2,시장 경제와 지속가능발전,합리적 선택과 경제 주체의 역할,경제,하,81,Y,외부효과,2021학년도 수능 9번,,,,
189,,,통합사회2,시장 경제와 지속가능발전,합리적 선택과 경제 주체의 역할,경제,하,68,Y,외부효과,2021학년도 9월 모평 7번,,,,
190,,,통합사회2,시장 경제와 지속가능발전,합리적 선택과 경제 주체의 역할,경제,하,64,Y,외부효과,2021학년도 6월 모평 4번,,,,
191,,,통합사회2,시장 경제와 지속가능발전,합리적 선택과 경제 주체의 역할,경제,하,70,Y,외부효과,2023학년도 9월 모평 11번,,,,
192,,,통합사회2,시장 경제와 지속가능발전,합리적 선택과 경제 주체의 역할,경제,하,74,Y,외부효과,2023년 10월 학평 11번,,,,
193,,,통합사회2,시장 경제와 지속가능발전,합리적 선택과 경제 주체의 역할,경제,하,89,Y,외부효과,2022학년도 9월 모평 4번,,,,
194,,,통합사회2,시장 경제와 지속가능발전,합리적 선택과 경제 주체의 역할,경제,상,37,Y,외부효과,2020학년도 수능 19번,,,,
195,,,통합사회2,시장 경제와 지속가능발전,합리적 선택과 경제 주체의 역할,경제,하,64,Y,외부효과,2021년 7월 학평 17번,,,,
196,,,통합사회2,시장 경제와 지속가능발전,합리적 선택과 경제 주체의 역할,경제,하,64,Y,외부효과,2022년 7월 학평 5번,,,,
197,,,통합사회2,시장 경제와 지속가능발전,합리적 선택과 경제 주체의 역할,경제,중,59,Y,외부효과,2020년 7월 학평 11번,,,,
198,,,통합사회2,시장 경제와 지속가능발전,합리적 선택과 경제 주체의 역할,경제,상,35,Y,외부효과,2024년 7월 학평 14번,,,,
199,,,통합사회2,시장 경제와 지속가능발전,합리적 선택과 경제 주체의 역할,경제,중,58,Y,외부효과,2020년 3월 학평 4번,,,,
200,,,통합사회2,시장 경제와 지속가능발전,합리적 선택과 경제 주체의 역할,경제,하,96,Y,외부효과,2022학년도 수능 3번,,,,
201,,,통합사회2,시장 경제와 지속가능발전,합리적 선택과 경제 주체의 역할,경제,하,75,Y,외부효과,2025학년도 6월 모평 5번,,,,
202,,,통합사회2,시장 경제와 지속가능발전,합리적 선택과 경제 주체의 역할,경제,하,66,Y,외부효과,2023년 3월 학평 5번,,,,
203,,,통합사회2,시장 경제와 지속가능발전,합리적 선택과 경제 주체의 역할,경제,하,68,Y,외부효과,2023학년도 수능 11번,,,,
204,,,통합사회2,시장 경제와 지속가능발전,합리적 선택과 경제 주체의 역할,경제,하,72,Y,외부효과,2020년 10월 학평 12번,,,,
205,,,통합사회2,시장 경제와 지속가능발전,합리적 선택과 경제 주체의 역할,경제,하,61,Y,외부효과,2021년 10월 학평 15번,,,,
206,,,통합사회2,시장 경제와 지속가능발전,합리적 선택과 경제 주체의 역할,경제,하,79,Y,경합성과 배제성,2021년 10월 학평 11번,,,,
207,,,통합사회2,시장 경제와 지속가능발전,합리적 선택과 경제 주체의 역할,경제,하,86,Y,경합성과 배제성,2021년 3월 학평 1번,,,,
208,,,통합사회2,시장 경제와 지속가능발전,합리적 선택과 경제 주체의 역할,경제,하,68,Y,경합성과 배제성,2021학년도 6월 모평 19번,,,,
209,,,통합사회2,시장 경제와 지속가능발전,합리적 선택과 경제 주체의 역할,경제,중,43,Y,경합성과 배제성,2019년 10월 학평 17번,,,,
210,,,통합사회2,시장 경제와 지속가능발전,합리적 선택과 경제 주체의 역할,경제,중,58,Y,경합성과 배제성,2021년 7월 학평 9번,,,,
211,,,통합사회2,시장 경제와 지속가능발전,합리적 선택과 경제 주체의 역할,경제,하,77,Y,경합성과 배제성,2024년 7월 학평 15번,,,,
212,,,통합사회2,시장 경제와 지속가능발전,합리적 선택과 경제 주체의 역할,경제,하,80,Y,경합성과 배제성,2020년 7월 학평 17번,,,,
213,,,통합사회2,시장 경제와 지속가능발전,합리적 선택과 경제 주체의 역할,경제,하,60,Y,경합성과 배제성,2020년 10월 학평 19번,,,,
214,,,통합사회2,시장 경제와 지속가능발전,합리적 선택과 경제 주체의 역할,경제,하,85,Y,경합성과 배제성,2023학년도 9월 모평 4번,,,,
215,,,통합사회2,시장 경제와 지속가능발전,합리적 선택과 경제 주체의 역할,경제,하,79,Y,경합성과 배제성,2024년 3월 학평 11번,,,,
216,,,통합사회2,시장 경제와 지속가능발전,합리적 선택과 경제 주체의 역할,경제,중,40,Y,외부효과,2024학년도 수능 5번,,,,
217,,,통합사회2,시장 경제와 지속가능발전,합리적 선택과 경제 주체의 역할,경제,하,63,Y,외부효과,2019년 4월 학평 10번,,,,
218,,,통합사회2,시장 경제와 지속가능발전,합리적 선택과 경제 주체의 역할,경제,하,73,Y,외부효과,2024학년도 9월 모평 5번,,,,
219,,,통합사회2,시장 경제와 지속가능발전,합리적 선택과 경제 주체의 역할,경제,중,56,Y,외부효과,2020학년도 9월 모평 17번,,,,
220,,,통합사회2,시장 경제와 지속가능발전,합리적 선택과 경제 주체의 역할,경제,하,84,Y,외부효과,2024년 10월 학평 12번,,,,
221,,,통합사회2,시장 경제와 지속가능발전,합리적 선택과 경제 주체의 역할,경제,하,93,Y,경합성과 배제성,2025학년도 수능 2번,,,,
222,,,통합사회2,시장 경제와 지속가능발전,합리적 선택과 경제 주체의 역할,경제,하,69,Y,외부효과,2025학년도 수능 5번,,,,
223,,,통합사회2,시장 경제와 지속가능발전,합리적 선택과 경제 주체의 역할,경제,하,79,Y,최고가격제,2021년 7월 학평 12번,,,,
224,,,통합사회2,시장 경제와 지속가능발전,합리적 선택과 경제 주체의 역할,경제,하,86,Y,최고가격제 + 최저 가격제,2021학년도 수능 4번,,,,
225,,,통합사회2,시장 경제와 지속가능발전,합리적 선택과 경제 주체의 역할,경제,하,91,Y,최저가격제,2022학년도 9월 모평 14번,,,,
226,,,통합사회2,시장 경제와 지속가능발전,합리적 선택과 경제 주체의 역할,경제,하,64,Y,최고가격제 + 최저 가격제,2023학년도 6월 모평 17번,,,,
227,,,통합사회2,시장 경제와 지속가능발전,합리적 선택과 경제 주체의 역할,경제,하,85,Y,최고가격제,2021년 10월 학평 13번,,,,
228,,,통합사회2,시장 경제와 지속가능발전,합리적 선택과 경제 주체의 역할,경제,하,75,Y,최고가격제,2024학년도 6월 모평 14번,,,,
229,,,통합사회2,시장 경제와 지속가능발전,합리적 선택과 경제 주체의 역할,경제,중,41,Y,최고가격제,2020학년도 9월 모평 8번,,,,
230,,,통합사회2,시장 경제와 지속가능발전,합리적 선택과 경제 주체의 역할,경제,하,61,Y,최고가격제,2019년 10월 학평 18번,,,,
231,,,통합사회2,시장 경제와 지속가능발전,합리적 선택과 경제 주체의 역할,경제,하,60,Y,최고가격제,2024학년도 9월 모평 9번,,,,
232,,,통합사회2,시장 경제와 지속가능발전,합리적 선택과 경제 주체의 역할,경제,중,56,Y,최고가격제 + 최저 가격제,2023학년도 수능 8번,,,,
233,,,통합사회2,시장 경제와 지속가능발전,합리적 선택과 경제 주체의 역할,경제,상,38,Y,최저가격제,2022년 4월 학평 9번,,,,
234,,,통합사회2,시장 경제와 지속가능발전,합리적 선택과 경제 주체의 역할,경제,하,76,Y,최고가격제,2020년 4월 학평 4번,,,,
235,,,통합사회2,시장 경제와 지속가능발전,합리적 선택과 경제 주체의 역할,경제,하,73,Y,최고가격제,2020년 10월 학평 9번,,,,
236,,,통합사회2,시장 경제와 지속가능발전,합리적 선택과 경제 주체의 역할,경제,하,89,Y,최고가격제,2022학년도 6월 모평 6번,,,,
237,,,통합사회2,시장 경제와 지속가능발전,합리적 선택과 경제 주체의 역할,경제,하,73,Y,최저가격제,2022학년도 6월 모평 14번,,,,
238,,,통합사회2,시장 경제와 지속가능발전,합리적 선택과 경제 주체의 역할,경제,중,59,Y,최저가격제,2020년 7월 학평 9번,,,,
239,,,통합사회2,시장 경제와 지속가능발전,합리적 선택과 경제 주체의 역할,경제,상,34,Y,최고가격제,2020학년도 수능 7번,,,,
240,,,통합사회2,시장 경제와 지속가능발전,합리적 선택과 경제 주체의 역할,경제,하,70,Y,최고가격제 + 최저 가격제,2021년 3월 학평 13번,,,,
241,,,통합사회2,시장 경제와 지속가능발전,합리적 선택과 경제 주체의 역할,경제,하,85,Y,최고가격제 + 최저 가격제,2024년 7월 학평 3번,,,,
242,,,통합사회2,시장 경제와 지속가능발전,합리적 선택과 경제 주체의 역할,경제,하,78,Y,최저가격제,2022년 3월 학평 16번,,,,
243,,,통합사회2,시장 경제와 지속가능발전,합리적 선택과 경제 주체의 역할,경제,하,60,Y,최고가격제 + 최저 가격제,2022년 7월 학평 13번,,,,
244,,,통합사회2,시장 경제와 지속가능발전,합리적 선택과 경제 주체의 역할,경제,하,74,Y,최저가격제,2023년 7월 학평 13번,,,,
245,,,통합사회2,시장 경제와 지속가능발전,합리적 선택과 경제 주체의 역할,경제,하,65,Y,최저가격제,2024년 4월 학평 11번,,,,
246,,,통합사회2,시장 경제와 지속가능발전,합리적 선택과 경제 주체의 역할,경제,하,82,Y,최고가격제,2020학년도 6월 모평 3번,,,,
247,,,통합사회2,시장 경제와 지속가능발전,합리적 선택과 경제 주체의 역할,경제,하,67,Y,최고가격제,2021학년도 6월 모평 9번,,,,
248,,,통합사회2,시장 경제와 지속가능발전,합리적 선택과 경제 주체의 역할,경제,하,67,Y,최고가격제,2019년 3월 학평 6번,,,,
249,,,통합사회2,시장 경제와 지속가능발전,합리적 선택과 경제 주체의 역할,경제,중,52,Y,최저가격제,2019년 7월 학평 14번,,,,
250,,,통합사회2,시장 경제와 지속가능발전,합리적 선택과 경제 주체의 역할,경제,하,76,Y,최고가격제 + 최저 가격제,2019년 4월 학평 5번,,,,
251,,,통합사회2,시장 경제와 지속가능발전,합리적 선택과 경제 주체의 역할,경제,하,71,Y,최저가격제,2022년 10월 학평 8번,,,,
252,,,통합사회2,시장 경제와 지속가능발전,합리적 선택과 경제 주체의 역할,경제,하,60,Y,최고가격제 + 최저 가격제,2024학년도 수능 7번,,,,
253,,,통합사회2,시장 경제와 지속가능발전,합리적 선택과 경제 주체의 역할,경제,하,88,Y,시장 실패의 개선을 위한 정부의 개입,2024학년도 6월 모평 4번,,,,
254,,,통합사회2,시장 경제와 지속가능발전,합리적 선택과 경제 주체의 역할,경제,하,63,Y,시장 실패의 개선을 위한 정부의 개입,2022학년도 9월 모평 9번,,,,
255,,,통합사회2,시장 경제와 지속가능발전,합리적 선택과 경제 주체의 역할,경제,하,72,Y,시장 실패의 개선을 위한 정부의 개입,2020학년도 6월 모평 11번,,,,
256,,,통합사회2,시장 경제와 지속가능발전,합리적 선택과 경제 주체의 역할,경제,하,93,Y,시장 실패의 개선을 위한 정부의 개입,2020년 4월 학평 6번,,,,
257,,,통합사회2,시장 경제와 지속가능발전,합리적 선택과 경제 주체의 역할,경제,하,78,Y,최저가격제,2024년 10월 학평 9번,,,,
258,,,통합사회2,시장 경제와 지속가능발전,합리적 선택과 경제 주체의 역할,경제,하,86,Y,최고가격제 + 최저 가격제,2025학년도 수능 4번,,,,
259,,,통합사회2,시장 경제와 지속가능발전,합리적 선택과 경제 주체의 역할,경제,하,85,Y,국민 경제의 순환,2022학년도 6월 모평 2번,,,,
260,,,통합사회2,시장 경제와 지속가능발전,합리적 선택과 경제 주체의 역할,경제,하,73,Y,국민 경제의 순환,2021년 3월 학평 6번,,,,
261,,,통합사회2,시장 경제와 지속가능발전,합리적 선택과 경제 주체의 역할,경제,하,93,Y,국민 경제의 순환,2023년 10월 학평 1번,,,,
262,,,통합사회2,시장 경제와 지속가능발전,합리적 선택과 경제 주체의 역할,경제,하,77,Y,국민 경제의 순환,2020학년도 수능 1번,,,,
263,,,통합사회2,시장 경제와 지속가능발전,합리적 선택과 경제 주체의 역할,경제,하,68,Y,국민 경제의 순환,2025학년도 6월 모평 1번,,,,
264,,,통합사회2,시장 경제와 지속가능발전,합리적 선택과 경제 주체의 역할,경제,하,80,Y,국민 경제의 순환,2020학년도 9월 모평 1번,,,,
265,,,통합사회2,시장 경제와 지속가능발전,합리적 선택과 경제 주체의 역할,경제,하,89,Y,국민 경제의 순환,2021년 7월 학평 1번,,,,
266,,,통합사회2,시장 경제와 지속가능발전,합리적 선택과 경제 주체의 역할,경제,하,81,Y,국민 경제의 순환,2021학년도 6월 모평 6번,,,,
267,,,통합사회2,시장 경제와 지속가능발전,합리적 선택과 경제 주체의 역할,경제,하,76,Y,국민 경제의 순환,2023년 3월 학평 1번,,,,
268,,,통합사회2,시장 경제와 지속가능발전,합리적 선택과 경제 주체의 역할,경제,하,80,Y,국민 경제의 순환,2022년 3월 학평 11번,,,,
269,,,통합사회2,시장 경제와 지속가능발전,합리적 선택과 경제 주체의 역할,경제,하,79,Y,국민 경제의 순환,2020년 7월 학평 4번,,,,
270,,,통합사회2,시장 경제와 지속가능발전,합리적 선택과 경제 주체의 역할,경제,하,81,Y,국민 경제의 순환,2022년 7월 학평 17번,,,,
271,,,통합사회2,시장 경제와 지속가능발전,합리적 선택과 경제 주체의 역할,경제,하,73,Y,국민 경제의 순환,2019년 7월 학평 1번,,,,
272,,,통합사회2,시장 경제와 지속가능발전,합리적 선택과 경제 주체의 역할,경제,하,90,Y,국민 경제의 순환,2024년 10월 학평 1번,,,,
273,,,통합사회2,시장 경제와 지속가능발전,합리적 선택과 경제 주체의 역할,경제,하,70,Y,고용지표,2025학년도 6월 모평 11번,,,,
274,,,통합사회2,시장 경제와 지속가능발전,합리적 선택과 경제 주체의 역할,경제,하,76,Y,고용지표,2020년 10월 학평 7번,,,,
275,,,통합사회2,시장 경제와 지속가능발전,합리적 선택과 경제 주체의 역할,경제,하,67,Y,고용지표,2019년 4월 학평 19번,,,,
276,,,통합사회2,시장 경제와 지속가능발전,합리적 선택과 경제 주체의 역할,경제,중,56,Y,고용지표,2024학년도 6월 모평 7번,,,,
277,,,통합사회2,시장 경제와 지속가능발전,합리적 선택과 경제 주체의 역할,경제,중,58,Y,고용지표,2023년 7월 학평 17번,,,,
278,,,통합사회2,시장 경제와 지속가능발전,합리적 선택과 경제 주체의 역할,경제,하,86,Y,고용지표,2020학년도 수능 6번,,,,
279,,,통합사회2,시장 경제와 지속가능발전,합리적 선택과 경제 주체의 역할,경제,중,57,Y,고용지표,2023년 4월 학평 12번,,,,
280,,,통합사회2,시장 경제와 지속가능발전,합리적 선택과 경제 주체의 역할,경제,하,75,Y,고용지표,2022학년도 수능 17번,,,,
281,,,통합사회2,시장 경제와 지속가능발전,합리적 선택과 경제 주체의 역할,경제,하,60,Y,고용지표,2023년 10월 학평 8번,,,,
282,,,통합사회2,시장 경제와 지속가능발전,합리적 선택과 경제 주체의 역할,경제,중,40,Y,고용지표,2024학년도 9월 모평 15번,,,,
283,,,통합사회2,시장 경제와 지속가능발전,합리적 선택과 경제 주체의 역할,경제,중,53,Y,고용지표,2024년 3월 학평 17번,,,,
284,,,통합사회2,시장 경제와 지속가능발전,합리적 선택과 경제 주체의 역할,경제,하,78,Y,고용지표,2023학년도 6월 모평 11번,,,,
285,,,통합사회2,시장 경제와 지속가능발전,합리적 선택과 경제 주체의 역할,경제,하,65,Y,고용지표,2024년 7월 학평 13번,,,,
286,,,통합사회2,시장 경제와 지속가능발전,합리적 선택과 경제 주체의 역할,경제,하,79,Y,고용지표,2022년 7월 학평 8번,,,,
287,,,통합사회2,시장 경제와 지속가능발전,합리적 선택과 경제 주체의 역할,경제,하,72,Y,고용지표,2022학년도 9월 모평 8번,,,,
288,,,통합사회2,시장 경제와 지속가능발전,합리적 선택과 경제 주체의 역할,경제,중,49,Y,고용지표,2024학년도 수능 16번,,,,
289,,,통합사회2,시장 경제와 지속가능발전,합리적 선택과 경제 주체의 역할,경제,하,82,Y,고용지표,2021년 10월 학평 12번,,,,
290,,,통합사회2,시장 경제와 지속가능발전,합리적 선택과 경제 주체의 역할,경제,하,64,Y,고용지표,2021년 4월 학평 11번,,,,
291,,,통합사회2,시장 경제와 지속가능발전,합리적 선택과 경제 주체의 역할,경제,하,83,Y,고용지표,2020년 4월 학평 11번,,,,
292,,,통합사회2,시장 경제와 지속가능발전,합리적 선택과 경제 주체의 역할,경제,하,66,Y,고용지표,2021년 7월 학평 11번,,,,
293,,,통합사회2,시장 경제와 지속가능발전,합리적 선택과 경제 주체의 역할,경제,하,74,Y,고용지표,2020학년도 6월 모평 13번,,,,
294,,,통합사회2,시장 경제와 지속가능발전,합리적 선택과 경제 주체의 역할,경제,중,52,Y,고용지표,2023학년도 수능 16번,,,,
295,,,통합사회2,시장 경제와 지속가능발전,합리적 선택과 경제 주체의 역할,경제,하,62,Y,고용지표,2023년 3월 학평 13번,,,,
296,,,통합사회2,시장 경제와 지속가능발전,합리적 선택과 경제 주체의 역할,경제,중,44,Y,고용지표,2022년 4월 학평 14번,,,,
297,,,통합사회2,시장 경제와 지속가능발전,합리적 선택과 경제 주체의 역할,경제,하,76,Y,고용지표,2021학년도 6월 모평 16번,,,,
298,,,통합사회2,시장 경제와 지속가능발전,합리적 선택과 경제 주체의 역할,경제,하,82,Y,고용지표,2021학년도 수능 8번,,,,
299,,,통합사회2,시장 경제와 지속가능발전,합리적 선택과 경제 주체의 역할,경제,하,69,Y,고용지표,2020년 7월 학평 8번,,,,
300,,,통합사회2,시장 경제와 지속가능발전,합리적 선택과 경제 주체의 역할,경제,중,57,Y,고용지표,2019년 10월 학평 16번,,,,
301,,,통합사회2,시장 경제와 지속가능발전,합리적 선택과 경제 주체의 역할,경제,하,65,Y,고용지표,2023학년도 9월 모평 14번,,,,
302,,,통합사회2,시장 경제와 지속가능발전,합리적 선택과 경제 주체의 역할,경제,하,69,Y,고용지표,2019년 3월 학평 16번,,,,
303,,,통합사회2,시장 경제와 지속가능발전,합리적 선택과 경제 주체의 역할,경제,중,57,Y,고용지표,2022년 10월 학평 13번,,,,
304,,,통합사회2,시장 경제와 지속가능발전,합리적 선택과 경제 주체의 역할,경제,하,70,Y,고용지표,2019년 7월 학평 17번,,,,
305,,,통합사회2,시장 경제와 지속가능발전,합리적 선택과 경제 주체의 역할,경제,하,60,Y,고용지표,2021학년도 9월 모평 18번,,,,
306,,,통합사회2,시장 경제와 지속가능발전,합리적 선택과 경제 주체의 역할,경제,하,73,Y,고용지표,2022학년도 6월 모평 8번,,,,
307,,,통합사회2,시장 경제와 지속가능발전,합리적 선택과 경제 주체의 역할,경제,하,68,Y,고용지표,2020년 3월 학평 18번,,,,
308,,,통합사회2,시장 경제와 지속가능발전,합리적 선택과 경제 주체의 역할,경제,중,54,Y,고용지표,2024년 4월 학평 18번,,,,
309,,,통합사회2,시장 경제와 지속가능발전,합리적 선택과 경제 주체의 역할,경제,하,67,Y,고용지표,2020학년도 9월 모평 16번,,,,
310,,,통합사회2,시장 경제와 지속가능발전,합리적 선택과 경제 주체의 역할,경제,하,90,Y,실업의 유형과 대책,2023년 10월 학평 3번,,,,
311,,,통합사회2,시장 경제와 지속가능발전,합리적 선택과 경제 주체의 역할,경제,하,66,Y,실업의 유형과 대책,2022년 3월 학평 18번,,,,
312,,,통합사회2,시장 경제와 지속가능발전,합리적 선택과 경제 주체의 역할,경제,하,77,Y,실업의 유형과 대책,2020학년도 9월 모평 4번,,,,
313,,,통합사회2,시장 경제와 지속가능발전,합리적 선택과 경제 주체의 역할,경제,하,70,Y,실업의 유형과 대책,2021년 3월 학평 9번,,,,
314,,,통합사회2,시장 경제와 지속가능발전,합리적 선택과 경제 주체의 역할,경제,하,89,Y,실업의 유형과 대책,2024학년도 6월 모평 12번,,,,
315,,,통합사회2,시장 경제와 지속가능발전,합리적 선택과 경제 주체의 역할,경제,중,55,Y,고용지표,2025학년도 9월 모평 12번,,,,
316,,,통합사회2,시장 경제와 지속가능발전,합리적 선택과 경제 주체의 역할,경제,하,72,Y,고용지표,2024년 10월 학평 7번,,,,
317,,,통합사회2,시장 경제와 지속가능발전,합리적 선택과 경제 주체의 역할,경제,중,49,Y,고용지표,2025학년도 수능 13번,,,,
318,,,통합사회2,시장 경제와 지속가능발전,합리적 선택과 경제 주체의 역할,경제,중,45,Y,물가 상승률,2023년 3월 학평 18번,,,,
319,,,통합사회2,시장 경제와 지속가능발전,합리적 선택과 경제 주체의 역할,경제,하,66,Y,물가 상승률,2022학년도 6월 모평 17번,,,,
320,,,통합사회2,시장 경제와 지속가능발전,합리적 선택과 경제 주체의 역할,경제,하,76,Y,인플레이션,2021학년도 6월 모평 2번,,,,
321,,,통합사회2,시장 경제와 지속가능발전,합리적 선택과 경제 주체의 역할,경제,하,60,Y,인플레이션,2024학년도 6월 모평 13번,,,,
322,,,통합사회2,시장 경제와 지속가능발전,합리적 선택과 경제 주체의 역할,경제,하,90,Y,인플레이션,2021년 7월 학평 7번,,,,
323,,,통합사회2,시장 경제와 지속가능발전,합리적 선택과 경제 주체의 역할,경제,하,87,Y,인플레이션,2021년 10월 학평 8번,,,,
324,,,통합사회2,시장 경제와 지속가능발전,합리적 선택과 경제 주체의 역할,경제,하,85,Y,인플레이션,2019년 4월 학평 11번,,,,
325,,,통합사회2,시장 경제와 지속가능발전,합리적 선택과 경제 주체의 역할,경제,하,76,Y,인플레이션,2023년 7월 학평 11번,,,,
326,,,통합사회2,시장 경제와 지속가능발전,합리적 선택과 경제 주체의 역할,경제,하,66,Y,인플레이션,2020년 4월 학평 8번,,,,
327,,,통합사회2,시장 경제와 지속가능발전,합리적 선택과 경제 주체의 역할,경제,하,84,Y,인플레이션,2022학년도 6월 모평 12번,,,,
328,,,통합사회2,시장 경제와 지속가능발전,합리적 선택과 경제 주체의 역할,경제,하,69,Y,인플레이션,2024년 4월 학평 8번,,,,
329,,,통합사회2,시장 경제와 지속가능발전,합리적 선택과 경제 주체의 역할,경제,하,79,Y,인플레이션,2024학년도 9월 모평 7번,,,,
330,,,통합사회2,시장 경제와 지속가능발전,합리적 선택과 경제 주체의 역할,경제,하,74,Y,인플레이션,2024년 7월 학평 5번,,,,
331,,,통합사회2,시장 경제와 지속가능발전,합리적 선택과 경제 주체의 역할,경제,중,59,Y,인플레이션,2020년 3월 학평 15번,,,,
332,,,통합사회2,시장 경제와 지속가능발전,합리적 선택과 경제 주체의 역할,경제,중,51,Y,인플레이션,2022년 4월 학평 19번,,,,
333,,,통합사회2,시장 경제와 지속가능발전,합리적 선택과 경제 주체의 역할,경제,하,71,Y,인플레이션,2021학년도 9월 모평 17번,,,,
334,,,통합사회2,시장 경제와 지속가능발전,합리적 선택과 경제 주체의 역할,경제,하,91,Y,인플레이션,2022년 10월 학평 7번,,,,
335,,,통합사회2,시장 경제와 지속가능발전,합리적 선택과 경제 주체의 역할,경제,하,81,Y,인플레이션,2024학년도 수능 18번,,,,
336,,,통합사회2,시장 경제와 지속가능발전,합리적 선택과 경제 주체의 역할,경제,하,68,Y,인플레이션,2024년 3월 학평 4번,,,,
337,,,통합사회2,시장 경제와 지속가능발전,합리적 선택과 경제 주체의 역할,경제,하,68,Y,인플레이션,2021년 3월 학평 18번,,,,
338,,,통합사회2,시장 경제와 지속가능발전,합리적 선택과 경제 주체의 역할,경제,하,74,Y,인플레이션,2024년 10월 학평 4번,,,,
339,,,통합사회2,시장 경제와 지속가능발전,자본주의의 전개 과정과 경제 체제,경제,중,45,Y,총수요와 총공급,2019년 10월 학평 8번,,,,
340,,,통합사회2,시장 경제와 지속가능발전,자본주의의 전개 과정과 경제 체제,경제,하,89,Y,총수요와 총공급의 변동 요인,2020년 4월 학평 14번,,,,
341,,,통합사회2,시장 경제와 지속가능발전,자본주의의 전개 과정과 경제 체제,경제,하,75,Y,총수요와 총공급의 변동 요인,2021학년도 9월 모평 11번,,,,
342,,,통합사회2,시장 경제와 지속가능발전,자본주의의 전개 과정과 경제 체제,경제,중,57,Y,총수요와 총공급의 변동 요인,2023년 3월 학평 19번,,,,
343,,,통합사회2,시장 경제와 지속가능발전,자본주의의 전개 과정과 경제 체제,경제,하,82,Y,총수요와 총공급의 변동 요인,2022년 7월 학평 15번,,,,
344,,,통합사회2,시장 경제와 지속가능발전,자본주의의 전개 과정과 경제 체제,경제,하,74,Y,총수요와 총공급의 변동 요인,2020학년도 9월 모평 18번,,,,
345,,,통합사회2,시장 경제와 지속가능발전,자본주의의 전개 과정과 경제 체제,경제,하,86,Y,총수요와 총공급의 변동 요인,2022학년도 9월 모평 16번,,,,
346,,,통합사회2,시장 경제와 지속가능발전,자본주의의 전개 과정과 경제 체제,경제,하,87,Y,총수요와 총공급의 변동 요인,2021년 10월 학평 16번,,,,
347,,,통합사회2,시장 경제와 지속가능발전,자본주의의 전개 과정과 경제 체제,경제,하,84,Y,총수요와 총공급의 변동 요인,2021년 7월 학평 19번,,,,
348,,,통합사회2,시장 경제와 지속가능발전,자본주의의 전개 과정과 경제 체제,경제,하,74,Y,총수요와 총공급의 변동 요인,2023년 7월 학평 15번,,,,
349,,,통합사회2,시장 경제와 지속가능발전,자본주의의 전개 과정과 경제 체제,경제,하,82,Y,총수요와 총공급의 변동 요인,2023학년도 수능 18번,,,,
350,,,통합사회2,시장 경제와 지속가능발전,자본주의의 전개 과정과 경제 체제,경제,하,63,Y,총수요와 총공급의 변동 요인 + 국민 경제의 균형 변동,2025학년도 6월 모평 6번,,,,
351,,,통합사회2,시장 경제와 지속가능발전,자본주의의 전개 과정과 경제 체제,경제,중,56,Y,국민 경제의 균형 변동,2020년 7월 학평 14번,,,,
352,,,통합사회2,시장 경제와 지속가능발전,자본주의의 전개 과정과 경제 체제,경제,하,73,Y,국민 경제의 균형 변동,2023년 4월 학평 18번,,,,
353,,,통합사회2,시장 경제와 지속가능발전,자본주의의 전개 과정과 경제 체제,경제,하,67,Y,국민 경제의 균형 변동,2020학년도 6월 모평 12번,,,,
354,,,통합사회2,시장 경제와 지속가능발전,자본주의의 전개 과정과 경제 체제,경제,하,88,Y,국민 경제의 균형 변동,2022학년도 수능 12번,,,,
355,,,통합사회2,시장 경제와 지속가능발전,자본주의의 전개 과정과 경제 체제,경제,중,47,Y,국민 경제의 균형 변동,2022년 3월 학평 12번,,,,
356,,,통합사회2,시장 경제와 지속가능발전,자본주의의 전개 과정과 경제 체제,경제,중,55,Y,국민 경제의 균형 변동,2019년 7월 학평 12번,,,,
357,,,통합사회2,시장 경제와 지속가능발전,자본주의의 전개 과정과 경제 체제,경제,하,72,Y,국민 경제의 균형 변동,2020년 10월 학평 18번,,,,
358,,,통합사회2,시장 경제와 지속가능발전,자본주의의 전개 과정과 경제 체제,경제,하,71,Y,국민 경제의 균형 변동,2020학년도 수능 16번,,,,
359,,,통합사회2,시장 경제와 지속가능발전,자본주의의 전개 과정과 경제 체제,경제,하,70,Y,국민 경제의 균형 변동,2020년 3월 학평 17번,,,,
360,,,통합사회2,시장 경제와 지속가능발전,자본주의의 전개 과정과 경제 체제,경제,하,62,Y,국민 경제의 균형 변동,2019년 3월 학평 5번,,,,
361,,,통합사회2,시장 경제와 지속가능발전,자본주의의 전개 과정과 경제 체제,경제,중,58,Y,총수요와 총공급의 변동 요인,2025학년도 9월 모평 13번,,,,
362,,,통합사회2,시장 경제와 지속가능발전,자본주의의 전개 과정과 경제 체제,경제,상,33,Y,정부의 재정 정책,2020학년도 수능 12번,,,,
363,,,통합사회2,시장 경제와 지속가능발전,자본주의의 전개 과정과 경제 체제,경제,하,71,Y,중앙은행의 통화(금융) 정책,2021년 7월 학평 16번,,,,
364,,,통합사회2,시장 경제와 지속가능발전,자본주의의 전개 과정과 경제 체제,경제,하,71,Y,중앙은행의 통화(금융) 정책,2022학년도 9월 모평 7번,,,,
365,,,통합사회2,시장 경제와 지속가능발전,자본주의의 전개 과정과 경제 체제,경제,중,51,Y,중앙은행의 통화(금융) 정책,2019년 7월 학평 19번,,,,
366,,,통합사회2,시장 경제와 지속가능발전,자본주의의 전개 과정과 경제 체제,경제,하,80,Y,중앙은행의 통화(금융) 정책,2022년 4월 학평 11번,,,,
367,,,통합사회2,시장 경제와 지속가능발전,자본주의의 전개 과정과 경제 체제,경제,하,69,Y,중앙은행의 통화(금융) 정책,2025학년도 6월 모평 7번,,,,
368,,,통합사회2,시장 경제와 지속가능발전,자본주의의 전개 과정과 경제 체제,경제,하,79,Y,중앙은행의 통화(금융) 정책,2023년 4월 학평 7번,,,,
369,,,통합사회2,시장 경제와 지속가능발전,자본주의의 전개 과정과 경제 체제,경제,하,70,Y,경제 안정화 정책,2023년 3월 학평 6번,,,,
370,,,통합사회2,시장 경제와 지속가능발전,자본주의의 전개 과정과 경제 체제,경제,하,80,Y,경제 안정화 정책,2021년 4월 학평 7번,,,,
371,,,통합사회2,시장 경제와 지속가능발전,자본주의의 전개 과정과 경제 체제,경제,중,56,Y,경제 안정화 정책,2019년 3월 학평 8번,,,,
372,,,통합사회2,시장 경제와 지속가능발전,자본주의의 전개 과정과 경제 체제,경제,하,71,Y,경제 안정화 정책,2021학년도 6월 모평 8번,,,,
373,,,통합사회2,시장 경제와 지속가능발전,자본주의의 전개 과정과 경제 체제,경제,하,75,Y,경제 안정화 정책,2022년 7월 학평 19번,,,,
374,,,통합사회2,시장 경제와 지속가능발전,자본주의의 전개 과정과 경제 체제,경제,상,38,Y,경제 안정화 정책,2022년 3월 학평 9번,,,,
375,,,통합사회2,시장 경제와 지속가능발전,자본주의의 전개 과정과 경제 체제,경제,하,75,Y,경제 안정화 정책,2020년 4월 학평 16번,,,,
376,,,통합사회2,시장 경제와 지속가능발전,자본주의의 전개 과정과 경제 체제,경제,하,67,Y,경제 안정화 정책,2020학년도 9월 모평 12번,,,,
377,,,통합사회2,시장 경제와 지속가능발전,자본주의의 전개 과정과 경제 체제,경제,하,67,Y,경제 안정화 정책,2023년 7월 학평 2번,,,,
378,,,통합사회2,시장 경제와 지속가능발전,자본주의의 전개 과정과 경제 체제,경제,중,56,Y,경제 안정화 정책,2022년 10월 학평 9번,,,,
379,,,통합사회2,시장 경제와 지속가능발전,자본주의의 전개 과정과 경제 체제,경제,하,75,Y,경제 안정화 정책,2023년 10월 학평 6번,,,,
380,,,통합사회2,시장 경제와 지속가능발전,자본주의의 전개 과정과 경제 체제,경제,하,65,Y,경제 안정화 정책,2020학년도 6월 모평 10번,,,,
381,,,통합사회2,시장 경제와 지속가능발전,자본주의의 전개 과정과 경제 체제,경제,하,69,Y,경제 안정화 정책,2021년 3월 학평 5번,,,,
382,,,통합사회2,시장 경제와 지속가능발전,자본주의의 전개 과정과 경제 체제,경제,하,71,Y,경제 안정화 정책,2022학년도 6월 모평 10번,,,,
383,,,통합사회2,시장 경제와 지속가능발전,자본주의의 전개 과정과 경제 체제,경제,하,86,Y,경제 안정화 정책,2020학년도 수능 5번,,,,
384,,,통합사회2,시장 경제와 지속가능발전,자본주의의 전개 과정과 경제 체제,경제,중,56,Y,경제 안정화 정책,2018년 4월 학평 15번,,,,
385,,,통합사회2,시장 경제와 지속가능발전,자본주의의 전개 과정과 경제 체제,경제,중,51,Y,경제 안정화 정책,2021년 10월 학평 10번,,,,
386,,,통합사회2,시장 경제와 지속가능발전,자본주의의 전개 과정과 경제 체제,경제,하,92,Y,경제 안정화 정책,2022학년도 수능 7번,,,,
387,,,통합사회2,시장 경제와 지속가능발전,자본주의의 전개 과정과 경제 체제,경제,하,71,Y,경제 안정화 정책,2023학년도 9월 모평 13번,,,,
388,,,통합사회2,시장 경제와 지속가능발전,자본주의의 전개 과정과 경제 체제,경제,하,69,Y,경제 안정화 정책,2019년 4월 학평 20번,,,,
389,,,통합사회2,시장 경제와 지속가능발전,자본주의의 전개 과정과 경제 체제,경제,중,50,Y,경제 안정화 정책,2020년 7월 학평 18번,,,,
390,,,통합사회2,시장 경제와 지속가능발전,자본주의의 전개 과정과 경제 체제,경제,하,60,Y,경제 안정화 정책,2023학년도 6월 모평 13번,,,,
391,,,통합사회2,시장 경제와 지속가능발전,자본주의의 전개 과정과 경제 체제,경제,중,59,Y,경제 안정화 정책,2019년 10월 학평 14번,,,,
392,,,통합사회2,시장 경제와 지속가능발전,자본주의의 전개 과정과 경제 체제,경제,하,86,Y,경제 안정화 정책,2024년 7월 학평 18번,,,,
393,,,통합사회2,시장 경제와 지속가능발전,자본주의의 전개 과정과 경제 체제,경제,중,57,Y,경제 안정화 정책,2021학년도 수능 19번,,,,
394,,,통합사회2,시장 경제와 지속가능발전,자본주의의 전개 과정과 경제 체제,경제,중,44,Y,경제 안정화 정책,2024학년도 9월 모평 18번,,,,
395,,,통합사회2,시장 경제와 지속가능발전,자본주의의 전개 과정과 경제 체제,경제,하,65,Y,경제 안정화 정책,2024학년도 수능 13번,,,,
396,,,통합사회2,시장 경제와 지속가능발전,자본주의의 전개 과정과 경제 체제,경제,중,59,Y,경제 안정화 정책,2024년 3월 학평 15번,,,,
397,,,통합사회2,시장 경제와 지속가능발전,자본주의의 전개 과정과 경제 체제,경제,하,82,Y,경제 안정화 정책,2025학년도 9월 모평 11번,,,,
398,,,통합사회2,시장 경제와 지속가능발전,자본주의의 전개 과정과 경제 체제,경제,하,71,Y,경제 안정화 정책,2025학년도 수능 16번,,,,
399,,,통합사회2,시장 경제와 지속가능발전,자본주의의 전개 과정과 경제 체제,경제,하,62,Y,경제 안정화 정책,2024년 10월 학평 5번,0,,,
400,,,통합사회2,시장 경제와 지속가능발전,국제 분업과 무역,경제,하,65,Y,절대 우위와 비교 우위,2019학년도 9월 모평 2번,,,,
401,,,통합사회2,시장 경제와 지속가능발전,국제 분업과 무역,경제,하,73,Y,비교 우위와 생산 가능 곡선,2021년 10월 학평 2번,,,,
402,,,통합사회2,시장 경제와 지속가능발전,국제 분업과 무역,경제,중,45,Y,비교 우위와 생산 가능 곡선,2020년 7월 학평 20번,,재 캡처 필요,,
403,,,통합사회2,시장 경제와 지속가능발전,국제 분업과 무역,경제,중,55,Y,비교우위와 교역조건,2024학년도 수능 9번,,,,
404,,,통합사회2,시장 경제와 지속가능발전,국제 분업과 무역,경제,하,60,Y,비교우위와 교역조건,2022학년도 9월 모평 20번,,,,
405,,,통합사회2,시장 경제와 지속가능발전,국제 분업과 무역,경제,중,58,Y,비교우위와 교역조건,2020년 3월 학평 14번,,,,
406,,,통합사회2,시장 경제와 지속가능발전,국제 분업과 무역,경제,하,66,Y,기회비용과 비교우위,2021학년도 9월 모평 13번,,,,
407,,,통합사회2,시장 경제와 지속가능발전,국제 분업과 무역,경제,하,61,Y,비교우위와 교역조건,2024학년도 9월 모평 14번,,,,
408,,,통합사회2,시장 경제와 지속가능발전,국제 분업과 무역,경제,중,50,Y,비교우위와 교역조건,2021년 3월 학평 15번,,재 캡처 필요,,
409,,,통합사회2,시장 경제와 지속가능발전,국제 분업과 무역,경제,중,58,Y,비교우위와 교역조건,2025학년도 9월 모평 14번,,,,
410,,,통합사회2,시장 경제와 지속가능발전,국제 분업과 무역,경제,중,54,Y,비교우위와 교역조건,2020년 10월 학평 16번,,,,
411,,,통합사회2,시장 경제와 지속가능발전,국제 분업과 무역,경제,중,43,Y,비교우위와 교역조건,2023년 4월 학평 10번,,,,
412,,,통합사회2,시장 경제와 지속가능발전,국제 분업과 무역,경제,하,67,Y,비교우위와 교역조건,2022학년도 수능 10번,,,,
413,,,통합사회2,시장 경제와 지속가능발전,국제 분업과 무역,경제,하,62,Y,기회비용과 비교우위,2020학년도 6월 모평 7번,,,,
414,,,통합사회2,시장 경제와 지속가능발전,국제 분업과 무역,경제,중,53,Y,비교우위와 교역조건,2024학년도 6월 모평 15번,,,,
415,,,통합사회2,시장 경제와 지속가능발전,국제 분업과 무역,경제,중,48,Y,비교우위와 교역조건,2021년 7월 학평 6번,,,,
416,,,통합사회2,시장 경제와 지속가능발전,국제 분업과 무역,경제,중,41,Y,비교우위와 교역조건,2022년 3월 학평 20번,,,,
417,,,통합사회2,시장 경제와 지속가능발전,국제 분업과 무역,경제,하,66,Y,비교우위와 교역조건,2024년 10월 학평 19번,,,,
418,,,통합사회2,시장 경제와 지속가능발전,국제 분업과 무역,경제,하,62,Y,기회비용과 비교우위,2021학년도 6월 모평 14번,,,,
419,,,통합사회2,시장 경제와 지속가능발전,국제 분업과 무역,경제,중,52,Y,비교우위와 교역조건,2022년 4월 학평 15번,,,,
420,,,통합사회2,시장 경제와 지속가능발전,국제 분업과 무역,경제,하,60,Y,비교우위와 교역조건,2019년 4월 학평 18번,,,,
421,,,통합사회2,시장 경제와 지속가능발전,국제 분업과 무역,경제,중,48,Y,비교우위와 교역조건,2023학년도 6월 모평 18번,,,,
422,,,통합사회2,시장 경제와 지속가능발전,국제 분업과 무역,경제,중,42,Y,비교우위와 교역조건,2021학년도 수능 15번,,,,
423,,,통합사회2,시장 경제와 지속가능발전,국제 분업과 무역,경제,중,48,Y,비교우위와 교역조건,2022년 10월 학평 20번,,,,
424,,,통합사회2,시장 경제와 지속가능발전,국제 분업과 무역,경제,중,49,Y,기회비용과 비교우위,2021년 4월 학평 12번,,,,
425,,,통합사회2,시장 경제와 지속가능발전,국제 분업과 무역,경제,중,51,Y,비교우위와 교역조건,2022년 7월 학평 20번,,,,
426,,,통합사회2,시장 경제와 지속가능발전,국제 분업과 무역,경제,하,67,Y,비교우위와 교역조건,2022학년도 6월 모평 19번,,,,
427,,,통합사회2,시장 경제와 지속가능발전,국제 분업과 무역,경제,중,53,Y,비교우위와 교역조건,2023년 3월 학평 15번,,,,
428,,,통합사회2,시장 경제와 지속가능발전,국제 분업과 무역,경제,중,40,Y,기회비용과 비교우위,2019년 7월 학평 20번,,,,
429,,,통합사회2,시장 경제와 지속가능발전,국제 분업과 무역,경제,중,46,Y,기회비용과 비교우위,2024년 3월 학평 20번,,,,
430,,,통합사회2,시장 경제와 지속가능발전,국제 분업과 무역,경제,중,52,Y,기회비용과 비교우위,2023년 7월 학평 19번,,,,
431,,,통합사회2,시장 경제와 지속가능발전,국제 분업과 무역,경제,중,47,Y,비교우위와 교역조건,2024년 4월 학평 19번,,,,
432,,,통합사회2,시장 경제와 지속가능발전,국제 분업과 무역,경제,중,48,Y,비교우위와 교역조건,2023년 10월 학평 20번,,,,
433,,,통합사회2,시장 경제와 지속가능발전,국제 분업과 무역,경제,하,62,Y,비교우위와 교역조건,2020년 4월 학평 20번,,,,
434,,,통합사회2,시장 경제와 지속가능발전,국제 분업과 무역,경제,중,49,Y,기회비용과 비교우위 + 비교우위와 교역조건,2025학년도 6월 모평 15번,,,,
435,,,통합사회2,시장 경제와 지속가능발전,국제 분업과 무역,경제,중,47,Y,비교우위와 교역조건,2020학년도 수능 18번,,재 캡처 필요,,
436,,,통합사회2,시장 경제와 지속가능발전,국제 분업과 무역,경제,중,50,Y,비교우위와 교역조건,2019년 10월 학평 15번,,,,
437,,,통합사회2,시장 경제와 지속가능발전,국제 분업과 무역,경제,중,52,Y,비교우위와 교역조건,2024년 7월 학평 20번,,,,
438,,,통합사회2,시장 경제와 지속가능발전,국제 분업과 무역,경제,중,57,Y,비교우위와 교역조건,2023학년도 수능 12번,,,,
439,,,통합사회2,시장 경제와 지속가능발전,국제 분업과 무역,경제,중,48,Y,비교우위와 교역조건,2020학년도 9월 모평 15번,,재 캡처 필요,,
440,,,통합사회2,시장 경제와 지속가능발전,국제 분업과 무역,경제,중,59,Y,비교우위와 교역조건,2023학년도 9월 모평 17번,,,,
441,,,통합사회2,시장 경제와 지속가능발전,국제 분업과 무역,경제,중,53,Y,기회비용과 비교우위,2019년 3월 학평 20번,,,,
442,,,통합사회2,시장 경제와 지속가능발전,국제 분업과 무역,경제,상,36,Y,기회비용과 비교우위 + 비교우위와 교역조건,2025학년도 수능 11번,,,,
443,,,통합사회2,시장 경제와 지속가능발전,국제 분업과 무역,경제,하,82,Y,환율의 결정과 변동,2021학년도 6월 모평 10번,0,,,
444,,,통합사회2,시장 경제와 지속가능발전,국제 분업과 무역,경제,하,62,Y,환율의 결정과 변동,2023학년도 6월 모평 4번,0,,,
445,,,통합사회2,시장 경제와 지속가능발전,국제 분업과 무역,경제,하,60,Y,환율의 결정과 변동,2020년 3월 학평 19번,0,,,
446,,,통합사회2,시장 경제와 지속가능발전,국제 분업과 무역,경제,하,63,Y,환율의 결정과 변동,2020년 4월 학평 12번,0,,,
447,,,통합사회2,시장 경제와 지속가능발전,국제 분업과 무역,경제,하,86,Y,환율 변동의 영향,2024학년도 수능 6번,0,,,
448,,,통합사회2,시장 경제와 지속가능발전,국제 분업과 무역,경제,상,37,Y,환율의 결정과 변동,2020학년도 9월 모평 13번,0,,,
449,,,통합사회2,시장 경제와 지속가능발전,국제 분업과 무역,경제,하,66,Y,환율의 결정과 변동,2020학년도 수능 9번,0,,,
450,,,통합사회2,시장 경제와 지속가능발전,국제 분업과 무역,경제,하,61,Y,환율의 결정과 변동,2022년 7월 학평 18번,0,,,
451,,,통합사회2,시장 경제와 지속가능발전,국제 분업과 무역,경제,하,64,Y,환율의 결정과 변동,2024학년도 6월 모평 9번,0,,,
452,,,통합사회2,시장 경제와 지속가능발전,국제 분업과 무역,경제,하,66,Y,환율 변동의 영향,2023년 4월 학평 11번,0,,,
453,,,통합사회2,시장 경제와 지속가능발전,국제 분업과 무역,경제,중,55,Y,환율 변동의 영향,2022년 7월 학평 12번,0,,,
454,,,통합사회2,시장 경제와 지속가능발전,국제 분업과 무역,경제,중,46,Y,환율 변동의 영향,2019년 7월 학평 18번,0,,,
455,,,통합사회2,시장 경제와 지속가능발전,국제 분업과 무역,경제,하,74,Y,환율 변동의 영향,2021학년도 수능 12번,,,412,
456,,,통합사회2,시장 경제와 지속가능발전,국제 분업과 무역,경제,하,62,Y,환율 변동의 영향,2023학년도 수능 19번,,,413,
457,,,통합사회2,시장 경제와 지속가능발전,국제 분업과 무역,경제,중,44,Y,환율 변동의 영향,2022년 3월 학평 14번,,,414,
458,,,통합사회2,시장 경제와 지속가능발전,국제 분업과 무역,경제,하,91,Y,환율 변동의 영향,2022학년도 수능 5번,문제 오류 수정,재 캡처 필요,415,8-9
459,,,통합사회2,시장 경제와 지속가능발전,국제 분업과 무역,경제,하,63,Y,환율 변동의 영향,2020년 10월 학평 13번,문제 오류 수정,재 캡처 필요,416,10-11
460,,,통합사회2,시장 경제와 지속가능발전,국제 분업과 무역,경제,중,53,Y,환율 변동의 영향,2023년 3월 학평 7번,,,417,
461,,,통합사회2,시장 경제와 지속가능발전,국제 분업과 무역,경제,하,64,Y,환율 변동의 영향,2023년 7월 학평 12번,문제 오류 수정,재 캡처 필요,418,14-15
462,,,통합사회2,시장 경제와 지속가능발전,국제 분업과 무역,경제,중,52,Y,환율 변동의 영향,2024학년도 9월 모평 19번,문제 오류 수정,재 캡처 필요,419,16-17
463,,,통합사회2,시장 경제와 지속가능발전,국제 분업과 무역,경제,하,71,Y,환율 변동의 영향,2025학년도 6월 모평 18번,,,420,
464,,,통합사회2,시장 경제와 지속가능발전,국제 분업과 무역,경제,중,44,Y,환율 변동의 영향,2024년 4월 학평 14번,,,421,
465,,,통합사회2,시장 경제와 지속가능발전,국제 분업과 무역,경제,하,79,Y,환율 변동의 영향,2022년 10월 학평 15번,,,422,
466,,,통합사회2,시장 경제와 지속가능발전,국제 분업과 무역,경제,하,63,Y,환율 변동의 영향,2024년 3월 학평 5번,,,423,
467,,,통합사회2,시장 경제와 지속가능발전,국제 분업과 무역,경제,중,41,Y,환율 변동의 영향,2022년 4월 학평 17번,,,424,
468,,,통합사회2,시장 경제와 지속가능발전,국제 분업과 무역,경제,중,55,Y,환율 변동의 영향,2019년 4월 학평 9번,,,425,
469,,,통합사회2,시장 경제와 지속가능발전,국제 분업과 무역,경제,하,70,Y,환율 변동의 영향,2021년 3월 학평 19번,,,426,
470,,,통합사회2,시장 경제와 지속가능발전,국제 분업과 무역,경제,중,55,Y,환율 변동의 영향,2019년 3월 학평 17번,,,427,
471,,,통합사회2,시장 경제와 지속가능발전,국제 분업과 무역,경제,하,85,Y,환율 변동의 영향,2021년 10월 학평 3번,,,428,
472,,,통합사회2,시장 경제와 지속가능발전,국제 분업과 무역,경제,하,67,Y,환율 변동의 영향,2024년 7월 학평 6번,,,429,
473,,,통합사회2,시장 경제와 지속가능발전,국제 분업과 무역,경제,하,76,Y,환율 변동의 영향,2023학년도 9월 모평 8번,,,430,
474,,,통합사회2,시장 경제와 지속가능발전,국제 분업과 무역,경제,중,55,Y,환율 변동의 영향,2020년 7월 학평 6번,,,431,
475,,,통합사회2,시장 경제와 지속가능발전,국제 분업과 무역,경제,하,74,Y,환율 변동의 영향,2022학년도 6월 모평 18번,,,432,
476,,,통합사회2,시장 경제와 지속가능발전,국제 분업과 무역,경제,하,68,Y,환율 변동의 영향,2020학년도 6월 모평 17번,,,433,
477,,,통합사회2,시장 경제와 지속가능발전,국제 분업과 무역,경제,하,77,Y,환율 변동의 영향,2019년 10월 학평 5번,,,434,
478,,,통합사회2,시장 경제와 지속가능발전,국제 분업과 무역,경제,하,74,Y,환율 변동의 영향,2021년 4월 학평 16번,문제 오류 수정,재 캡처 필요,435,48-49
479,,,통합사회2,시장 경제와 지속가능발전,국제 분업과 무역,경제,하,67,Y,환율 변동의 영향,2023년 10월 학평 19번,,,436,
480,,,통합사회2,시장 경제와 지속가능발전,국제 분업과 무역,경제,하,73,Y,환율 변동의 영향,2021학년도 9월 모평 14번,,,437,
481,,,통합사회2,시장 경제와 지속가능발전,국제 분업과 무역,경제,하,70,Y,환율 변동의 영향,2022학년도 9월 모평 10번,,,438,
482,,,통합사회2,시장 경제와 지속가능발전,국제 분업과 무역,경제,하,74,Y,환율 변동의 영향,2021년 7월 학평 18번,,,439,
483,,,통합사회2,시장 경제와 지속가능발전,국제 분업과 무역,경제,하,82,Y,환율 변동의 영향,2024년 10월 학평 11번,,,440,
484,,,통합사회2,시장 경제와 지속가능발전,국제 분업과 무역,경제,하,66,Y,환율 변동의 영향,2025학년도 9월 모평 4번,,,441,
485,,,통합사회2,시장 경제와 지속가능발전,국제 분업과 무역,경제,하,60,Y,환율 변동의 영향,2025학년도 수능 17번,,,442,
486,,,통합사회2,시장 경제와 지속가능발전,자산 관리와 금융 생활 설계,경제,하,64,Y,수입과 지출 및 신용 관리,2025학년도 9월 모평 16번,,,443,
487,,,통합사회2,시장 경제와 지속가능발전,자산 관리와 금융 생활 설계,경제,중,55,Y,수입과 지출 및 신용 관리,2024년 4월 학평 12번,,,444,
488,,,통합사회2,시장 경제와 지속가능발전,자산 관리와 금융 생활 설계,경제,하,63,Y,수입과 지출 및 신용 관리,2021학년도 6월 모평 17번,,,445,
489,,,통합사회2,시장 경제와 지속가능발전,자산 관리와 금융 생활 설계,경제,하,80,Y,수입과 지출 및 신용 관리,2019년 3월 학평 13번,,,446,
490,,,통합사회2,시장 경제와 지속가능발전,자산 관리와 금융 생활 설계,경제,하,76,Y,수입과 지출 및 신용 관리,2021학년도 6월 모평 17번,문제 오류 수정,재 캡처 필요,447,72-73
491,,,통합사회2,시장 경제와 지속가능발전,자산 관리와 금융 생활 설계,경제,중,59,Y,수입과 지출 및 신용 관리,2021년 3월 학평 17번,,,448,
492,,,통합사회2,시장 경제와 지속가능발전,자산 관리와 금융 생활 설계,경제,중,51,Y,수입과 지출 및 신용 관리,2022년 3월 학평 19번,,,449,
493,,,통합사회2,시장 경제와 지속가능발전,자산 관리와 금융 생활 설계,경제,하,63,Y,수입과 지출 및 신용 관리,2019년 7월 학평 2번,,,450,
494,,,통합사회2,시장 경제와 지속가능발전,자산 관리와 금융 생활 설계,경제,하,65,Y,수입과 지출 및 신용 관리,2023학년도 9월 모평 10번,,,451,
495,,,통합사회2,시장 경제와 지속가능발전,자산 관리와 금융 생활 설계,경제,하,77,Y,수입과 지출 및 신용 관리,2023학년도 수능 4번,,,452,
496,,,통합사회2,시장 경제와 지속가능발전,자산 관리와 금융 생활 설계,경제,하,74,Y,수입과 지출 및 신용 관리,2024학년도 6월 모평 18번,,,453,
497,,,통합사회2,시장 경제와 지속가능발전,자산 관리와 금융 생활 설계,경제,중,59,Y,수입과 지출 및 신용 관리,2022년 7월 학평 2번,,,454,
498,,,통합사회2,시장 경제와 지속가능발전,자산 관리와 금융 생활 설계,경제,중,59,Y,수입과 지출 및 신용 관리,2023학년도 6월 모평 9번,,,455,
499,,,통합사회2,시장 경제와 지속가능발전,자산 관리와 금융 생활 설계,경제,하,95,Y,수입과 지출 및 신용 관리,2021학년도 9월 모평 3번,,,456,
500,,,통합사회2,시장 경제와 지속가능발전,자산 관리와 금융 생활 설계,경제,하,77,Y,수입과 지출 및 신용 관리,2022학년도 6월 모평 11번,,,457,
501,,,통합사회2,시장 경제와 지속가능발전,자산 관리와 금융 생활 설계,경제,중,53,Y,수입과 지출 및 신용 관리,2024년 7월 학평 12번,,"재조판 필요, 재 캡처 필요",458,94-95
502,,,통합사회2,시장 경제와 지속가능발전,자산 관리와 금융 생활 설계,경제,하,60,Y,수입과 지출 및 신용 관리,2021년 4월 학평 20번,,,459,
503,,,통합사회2,시장 경제와 지속가능발전,자산 관리와 금융 생활 설계,경제,하,92,Y,수입과 지출 및 신용 관리,2024학년도 6월 모평 3번,,,460,
504,,,통합사회2,시장 경제와 지속가능발전,자산 관리와 금융 생활 설계,경제,중,43,Y,수입과 지출 및 신용 관리,2023년 4월 학평 19번,,,461,
505,,,통합사회2,시장 경제와 지속가능발전,자산 관리와 금융 생활 설계,경제,중,41,Y,수입과 지출 및 신용 관리,2020년 4월 학평 19번,,"재조판 필요, 재 캡처 필요",462,102-103
506,,,통합사회2,시장 경제와 지속가능발전,자산 관리와 금융 생활 설계,경제,중,47,Y,수입과 지출 및 신용 관리,2023년 7월 학평 8번,,"재조판 필요, 재 캡처 필요",463,104-105
507,,,통합사회2,시장 경제와 지속가능발전,자산 관리와 금융 생활 설계,경제,상,29,Y,수입과 지출 및 신용 관리,2019년 4월 학평 3번,,,464,
508,,,통합사회2,시장 경제와 지속가능발전,자산 관리와 금융 생활 설계,경제,중,46,Y,수입과 지출 및 신용 관리,2021년 10월 학평 20번,문제 오류 수정,재 캡처 필요,465,108-109
509,,,통합사회2,시장 경제와 지속가능발전,자산 관리와 금융 생활 설계,경제,중,47,Y,수입과 지출 및 신용 관리,2022년 10월 학평 12번,,,466,
510,,,통합사회2,시장 경제와 지속가능발전,자산 관리와 금융 생활 설계,경제,하,60,Y,금융과 금융시장,2024학년도 9월 모평 11번,,,467,
511,,,통합사회2,시장 경제와 지속가능발전,자산 관리와 금융 생활 설계,경제,하,62,Y,수입과 지출 및 신용 관리,2024학년도 9월 모평 16번,문제 오류 수정,재 캡처 필요,468,114-115
512,,,통합사회2,시장 경제와 지속가능발전,자산 관리와 금융 생활 설계,경제,중,51,Y,수입과 지출 및 신용 관리,2023년 10월 학평 18번,,,469,
513,,,통합사회2,시장 경제와 지속가능발전,자산 관리와 금융 생활 설계,경제,상,34,Y,수입과 지출 및 신용 관리,2024학년도 수능 19번,,"재조판 필요, 재 캡처 필요",470,118-119
514,,,통합사회2,시장 경제와 지속가능발전,자산 관리와 금융 생활 설계,경제,중,45,Y,수입과 지출 및 신용 관리,2024년 3월 학평 14번,,,471,122-123
515,,,통합사회2,시장 경제와 지속가능발전,자산 관리와 금융 생활 설계,경제,하,71,Y,수입과 지출 및 신용 관리,2024년 10월 학평 17번,,"재조판 필요, 재 캡처 필요",472,
516,,,통합사회2,시장 경제와 지속가능발전,자산 관리와 금융 생활 설계,경제,하,67,Y,수입과 지출 및 신용 관리,2025학년도 수능 8번,,,473,
517,,,통합사회2,시장 경제와 지속가능발전,자산 관리와 금융 생활 설계,경제,하,83,Y,자산 관리의 원칙,2020학년도 9월 모평 9번,,,474,
518,,,통합사회2,시장 경제와 지속가능발전,자산 관리와 금융 생활 설계,경제,하,84,Y,자산 관리의 원칙 + 금융상품,2019년 3월 학평 2번,,,475,
519,,,통합사회2,시장 경제와 지속가능발전,자산 관리와 금융 생활 설계,경제,하,81,Y,자산 관리의 원칙 + 금융상품,2019학년도 6월 모평 4번,문제 오류 수정,재 캡처 필요,476,130-131
520,,,통합사회2,시장 경제와 지속가능발전,자산 관리와 금융 생활 설계,경제,하,89,Y,금융상품,2025학년도 6월 모평 9번,,,477,
521,,,통합사회2,시장 경제와 지속가능발전,자산 관리와 금융 생활 설계,경제,하,69,Y,자산 관리의 원칙,2022학년도 수능 14번,,"재조판 필요, 재 캡처 필요",478,134-135
522,,,통합사회2,시장 경제와 지속가능발전,자산 관리와 금융 생활 설계,경제,하,70,Y,금융상품,2023년 4월 학평 17번,,,479,
523,,,통합사회2,시장 경제와 지속가능발전,자산 관리와 금융 생활 설계,경제,하,65,Y,금융상품,2021학년도 9월 모평 16번,,,480,
524,,,통합사회2,시장 경제와 지속가능발전,자산 관리와 금융 생활 설계,경제,하,70,Y,금융상품,2022학년도 9월 모평 11번,,,481,
525,,,통합사회2,시장 경제와 지속가능발전,자산 관리와 금융 생활 설계,경제,중,58,Y,금융상품,2022년 4월 학평 5번,,"재조판 필요, 재 캡처 필요",482,142-143
526,,,통합사회2,시장 경제와 지속가능발전,자산 관리와 금융 생활 설계,경제,하,62,Y,금융상품,2024년 3월 학평 2번,,,483,
527,,,통합사회2,시장 경제와 지속가능발전,자산 관리와 금융 생활 설계,경제,하,68,Y,금융상품,2023년 7월 학평 5번,,,484,
528,,,통합사회2,시장 경제와 지속가능발전,자산 관리와 금융 생활 설계,경제,하,76,Y,금융상품,2019년 10월 학평 12번,,,485,
529,,,통합사회2,시장 경제와 지속가능발전,자산 관리와 금융 생활 설계,경제,하,68,Y,금융상품,2020학년도 수능 11번,,,486,
530,,,통합사회2,시장 경제와 지속가능발전,자산 관리와 금융 생활 설계,경제,하,87,Y,금융상품,2021년 10월 학평 19번,,,487,
531,,,통합사회2,시장 경제와 지속가능발전,자산 관리와 금융 생활 설계,경제,하,71,Y,금융상품,2021년 7월 학평 10번,,"재조판 필요, 재 캡처 필요",488,154-155
532,,,통합사회2,시장 경제와 지속가능발전,자산 관리와 금융 생활 설계,경제,하,85,Y,금융상품,2021년 4월 학평 19번,,,489,
533,,,통합사회2,시장 경제와 지속가능발전,자산 관리와 금융 생활 설계,경제,하,61,Y,금융상품,2022년 3월 학평 13번,,,490,
534,,,통합사회2,시장 경제와 지속가능발전,자산 관리와 금융 생활 설계,경제,중,53,Y,금융상품,2023학년도 6월 모평 20번,,"재조판 필요, 재 캡처 필요",491,160-161
535,,,통합사회2,시장 경제와 지속가능발전,자산 관리와 금융 생활 설계,경제,중,51,Y,금융상품,2022년 4월 학평 8번,,,492,
536,,,통합사회2,시장 경제와 지속가능발전,자산 관리와 금융 생활 설계,경제,하,67,Y,금융상품,2025학년도 6월 모평 14번,,"재조판 필요, 재 캡처 필요",493,164-165
537,,,통합사회2,시장 경제와 지속가능발전,자산 관리와 금융 생활 설계,경제,하,79,Y,금융상품,2022학년도 6월 모평 3번,,,494,
538,,,통합사회2,시장 경제와 지속가능발전,자산 관리와 금융 생활 설계,경제,중,59,Y,금융상품,2023학년도 6월 모평 14번,,,495,
539,,,통합사회2,시장 경제와 지속가능발전,자산 관리와 금융 생활 설계,경제,중,51,Y,금융상품,2022년 3월 학평 8번,,,496,
540,,,통합사회2,시장 경제와 지속가능발전,자산 관리와 금융 생활 설계,경제,하,69,Y,금융상품,2024년 4월 학평 16번,,"재조판 필요, 재 캡처 필요",497,172-173
541,,,통합사회2,시장 경제와 지속가능발전,자산 관리와 금융 생활 설계,경제,하,82,Y,금융상품,2023학년도 수능 13번,,,498,
542,,,통합사회2,시장 경제와 지속가능발전,자산 관리와 금융 생활 설계,경제,중,54,Y,금융상품,2023학년도 수능 14번,,,499,
543,,,통합사회2,시장 경제와 지속가능발전,자산 관리와 금융 생활 설계,경제,하,73,Y,금융상품,2021학년도 6월 모평 5번,,,500,
544,,,통합사회2,시장 경제와 지속가능발전,자산 관리와 금융 생활 설계,경제,하,67,Y,금융상품,2021년 7월 학평 15번,,,501,
545,,,통합사회2,시장 경제와 지속가능발전,자산 관리와 금융 생활 설계,경제,하,76,Y,금융상품,2023년 3월 학평 17번,,,502,
546,,,통합사회2,시장 경제와 지속가능발전,자산 관리와 금융 생활 설계,경제,중,55,Y,금융상품,2023학년도 9월 모평 20번,,,503,
547,,,통합사회2,시장 경제와 지속가능발전,자산 관리와 금융 생활 설계,경제,하,80,Y,금융상품,2024년 10월 학평 15번,,,504,
548,,,통합사회2,시장 경제와 지속가능발전,자산 관리와 금융 생활 설계,경제,하,86,Y,금융상품,2021년 3월 학평 2번,,,505,
549,,,통합사회2,시장 경제와 지속가능발전,자산 관리와 금융 생활 설계,경제,중,59,Y,금융상품,2025학년도 9월 모평 9번,,,506,
550,,,통합사회2,시장 경제와 지속가능발전,자산 관리와 금융 생활 설계,경제,하,83,Y,금융상품,2024학년도 6월 모평 8번,,"재조판 필요, 재 캡처 필요",507,192-193
551,,,통합사회2,시장 경제와 지속가능발전,자산 관리와 금융 생활 설계,경제,하,72,Y,금융상품,2019년 7월 학평 8번,,"재조판 필요, 재 캡처 필요",508,194-195
552,,,통합사회2,시장 경제와 지속가능발전,자산 관리와 금융 생활 설계,경제,하,72,Y,금융상품,2022학년도 9월 모평 15번,문제 오류 수정,재 캡처 필요,509,240-241
553,,,통합사회2,시장 경제와 지속가능발전,자산 관리와 금융 생활 설계,경제,하,71,Y,금융상품,2020학년도 6월 모평 18번,,"재조판 필요, 재 캡처 필요",510,
554,,,통합사회2,시장 경제와 지속가능발전,자산 관리와 금융 생활 설계,경제,하,62,Y,금융상품,2020년 10월 학평 20번,,,511,
556,,,통합사회2,시장 경제와 지속가능발전,자산 관리와 금융 생활 설계,경제,하,81,Y,금융상품,2024학년도 9월 모평 12번,,,512,
557,,,통합사회2,시장 경제와 지속가능발전,자산 관리와 금융 생활 설계,경제,하,77,Y,금융상품,2023년 10월 학평 9번,,,513,
558,,,통합사회2,시장 경제와 지속가능발전,자산 관리와 금융 생활 설계,경제,하,71,Y,금융상품,2023년 10월 학평 15번,,,514,
559,,,통합사회2,시장 경제와 지속가능발전,자산 관리와 금융 생활 설계,경제,하,83,Y,금융상품,2024학년도 수능 8번,,,515,
560,,,통합사회2,시장 경제와 지속가능발전,자산 관리와 금융 생활 설계,경제,상,34,Y,금융상품,2023년 10월 학평 9번,,,516,
561,,,통합사회2,시장 경제와 지속가능발전,자산 관리와 금융 생활 설계,경제,중,56,Y,금융상품,2020년 4월 학평 13번,,,517,
562,,,통합사회2,시장 경제와 지속가능발전,자산 관리와 금융 생활 설계,경제,하,87,Y,금융상품,2022학년도 수능 13벙,,,518,
563,,,통합사회2,시장 경제와 지속가능발전,자산 관리와 금융 생활 설계,경제,하,67,Y,금융상품,2024년 7월 학평 9번,,,519,
564,,,통합사회2,시장 경제와 지속가능발전,자산 관리와 금융 생활 설계,경제,하,83,Y,금융상품,2020년 10월 학평 8번,,,520,
565,,,통합사회2,시장 경제와 지속가능발전,자산 관리와 금융 생활 설계,경제,중,58,Y,금융상품,2022학년도 9월 모평 13번,,,521,
567,,,통합사회2,시장 경제와 지속가능발전,자산 관리와 금융 생활 설계,경제,하,66,Y,금융상품,2020학년도 수능 8번,,,522,
568,,,통합사회2,시장 경제와 지속가능발전,자산 관리와 금융 생활 설계,경제,중,53,Y,금융상품,2019년 10월 학평 19번,,,523,
569,,,통합사회2,시장 경제와 지속가능발전,자산 관리와 금융 생활 설계,경제,상,17,Y,금융상품,2019학년도 9월 모평 16번,,"재조판 필요, 재 캡처 필요",524,
570,,,통합사회2,시장 경제와 지속가능발전,자산 관리와 금융 생활 설계,경제,하,87,Y,금융상품,2021학년도 수능 13번,,,525,
571,,,통합사회2,시장 경제와 지속가능발전,자산 관리와 금융 생활 설계,경제,중,51,Y,금융상품,2020년 7월 학평 16번,,,526,
572,,,통합사회2,시장 경제와 지속가능발전,자산 관리와 금융 생활 설계,경제,중,47,Y,금융상품,2022년 7월 학평 14벙,,,527,
573,,,통합사회2,시장 경제와 지속가능발전,자산 관리와 금융 생활 설계,경제,중,54,Y,금융상품,2021학년도 수능 10번,,,528,
574,,,통합사회2,시장 경제와 지속가능발전,자산 관리와 금융 생활 설계,경제,하,68,Y,금융상품,2020년 3월 학평 7번,,,529,
575,,,통합사회2,시장 경제와 지속가능발전,자산 관리와 금융 생활 설계,경제,하,72,Y,금융상품,2019년 4월 학평 17번,,,530,
576,,,통합사회2,시장 경제와 지속가능발전,자산 관리와 금융 생활 설계,경제,상,34,Y,금융상품,2022년 10월 학평 17번,문제 오류 수정,재 캡처 필요,531,
577,,,통합사회2,시장 경제와 지속가능발전,자산 관리와 금융 생활 설계,경제,하,68,Y,금융상품,2021학년도 9월 모평 15번,,,532,
578,,,통합사회2,시장 경제와 지속가능발전,자산 관리와 금융 생활 설계,경제,상,38,Y,금융상품,2025학년도 6월 모평 20번,,,533,
579,,,통합사회2,시장 경제와 지속가능발전,자산 관리와 금융 생활 설계,경제,상,34,Y,금융상품,2024학년도 수능 15번,,,534,
580,,,통합사회2,시장 경제와 지속가능발전,자산 관리와 금융 생활 설계,경제,중,57,Y,금융상품,2020학년도 6월 모평 19번,,,535,
581,,,통합사회2,시장 경제와 지속가능발전,자산 관리와 금융 생활 설계,경제,하,91,Y,금융상품,2024년 10월 학평 13번,,,536,
582,,,통합사회2,시장 경제와 지속가능발전,자산 관리와 금융 생활 설계,경제,하,71,Y,금융상품,2021학년도 6월 모평 20번,,,537,
583,,,통합사회2,시장 경제와 지속가능발전,자산 관리와 금융 생활 설계,경제,중,42,Y,금융상품,2025학년도 9월 모평 20번,,,538,
584,,,통합사회2,시장 경제와 지속가능발전,자산 관리와 금융 생활 설계,경제,하,68,Y,금융상품,2022년 10월 학평 2번,,,539,
585,,,통합사회2,시장 경제와 지속가능발전,자산 관리와 금융 생활 설계,경제,하,64,Y,금융상품,2025학년도 수능 18번,,,540,
586,,,통합사회2,시장 경제와 지속가능발전,자산 관리와 금융 생활 설계,경제,상,30,Y,금융상품,2025학년도 수능 20번,,,541,
,,,통합사회2,시장 경제와 지속가능발전,자산 관리와 금융 생활 설계,경제,하,,Y,,,,,,
,,,통합사회2,시장 경제와 지속가능발전,자산 관리와 금융 생활 설계,경제,하,,Y,,,,,,
,,,통합사회2,시장 경제와 지속가능발전,자산 관리와 금융 생활 설계,경제,하,,Y,,,,,,
,,,통합사회2,시장 경제와 지속가능발전,자산 관리와 금융 생활 설계,경제,하,,Y,,,,,,
,,,통합사회2,시장 경제와 지속가능발전,자산 관리와 금융 생활 설계,경제,하,,Y,,,,,,
,,,통합사회2,시장 경제와 지속가능발전,자산 관리와 금융 생활 설계,경제,하,,Y,,,,,,
,,,통합사회2,시장 경제와 지속가능발전,자산 관리와 금융 생활 설계,경제,하,,Y,,,,,,
,,,통합사회2,시장 경제와 지속가능발전,자산 관리와 금융 생활 설계,경제,하,,Y,,,,,,
,,,통합사회2,시장 경제와 지속가능발전,자산 관리와 금융 생활 설계,경제,하,,Y,,,,,,
,,,통합사회2,,,,,,,,,,,,
,,,통합사회2,,,,,,,,,,,,
,,,통합사회2,,,,,,,,,,,,
,,,통합사회2,,,,,,,,,,,,