,문제 파일명,정답 파일명,통합사회 1권/2권,대단원,소단원 (자세한),기존 사탐 범주,"내신 난이도 (상,중,하)",정답율%,기출문제 유무 (Y/N),태그 (쉼표구분),출처,
1,,,통합사회2,인권 보장과 헌법,인권의 의미와 현대 사회의 인권,정치와 법,중,57,Y,민주주의의 의미,2020학년도 9월 모평11번,
2,,,통합사회2,인권 보장과 헌법,인권의 의미와 현대 사회의 인권,정치와 법,하,87,Y,민주주의의 발전 과정,2017학년도 9월 모평2번,
3,,,통합사회2,인권 보장과 헌법,인권의 의미와 현대 사회의 인권,정치와 법,하,84,Y,민주주의의 발전 과정,2020학년도 수능 2번,
4,,,통합사회2,인권 보장과 헌법,인권의 의미와 현대 사회의 인권,정치와 법,하,85,Y,민주주의의 발전 과정,2020년 4월 학평 7번,
5,,,통합사회2,인권 보장과 헌법,인권의 의미와 현대 사회의 인권,정치와 법,하,70,Y,민주주의의 발전 과정,2020학년도 6월 모평 4번,
6,,,통합사회2,인권 보장과 헌법,인권의 의미와 현대 사회의 인권,정치와 법,하,68,Y,민주주의의 발전 과정,2021년 10월 학평 4번,
7,,,통합사회2,인권 보장과 헌법,인권의 의미와 현대 사회의 인권,정치와 법,하,64,Y,민주주의의 발전 과정,2020학년도 9월 모평 6번,
8,,,통합사회2,인권 보장과 헌법,인권의 의미와 현대 사회의 인권,정치와 법,하,73,Y,민주주의의 발전 과정,2019년 7월 학평 3번,
9,,,통합사회2,인권 보장과 헌법,인권의 의미와 현대 사회의 인권,정치와 법,하,74,Y,사회 계약설,2018학년도 9월 모평 3번,
10,,,통합사회2,인권 보장과 헌법,인권의 의미와 현대 사회의 인권,정치와 법,하,63,Y,사회 계약설,2017년 4월 학평 4번,
11,,,통합사회2,인권 보장과 헌법,인권의 의미와 현대 사회의 인권,정치와 법,중,54,Y,사회 계약설,2017년 7월 학평 1번,
12,,,통합사회2,인권 보장과 헌법,인권의 의미와 현대 사회의 인권,정치와 법,중,60,Y,사회 계약설,2018년 3월 학평 4번,
13,,,통합사회2,인권 보장과 헌법,인권 보장을 위한 헌법의 역할과 시민참여,정치와 법,하,84,Y,민주주의의 의미,2021학년도 수능 3번,
14,,,통합사회2,인권 보장과 헌법,인권 보장을 위한 헌법의 역할과 시민참여,정치와 법,하,95,Y,현대 민주 정치의 특징,(정) 2012학년도 수능 19번,
15,,,통합사회2,인권 보장과 헌법,인권 보장을 위한 헌법의 역할과 시민참여,정치와 법,하,82,Y,현대 민주 정치의 특징,(정) 2012학년도 9월 모평 18번,
16,,,통합사회2,인권 보장과 헌법,인권 보장을 위한 헌법의 역할과 시민참여,정치와 법,하,96,Y,법치주의,2023학년도 6월 모평 4번,
17,,,통합사회2,인권 보장과 헌법,인권 보장을 위한 헌법의 역할과 시민참여,정치와 법,하,93,Y,법치주의,2021학년도 6월 모평 3번,
18,,,통합사회2,인권 보장과 헌법,인권 보장을 위한 헌법의 역할과 시민참여,정치와 법,하,90,Y,법치주의,2023년 7월 학평 4번,
19,,,통합사회2,인권 보장과 헌법,인권 보장을 위한 헌법의 역할과 시민참여,정치와 법,하,93,Y,법치주의,2022학년도 9월 모평 2번,
20,,,통합사회2,인권 보장과 헌법,인권 보장을 위한 헌법의 역할과 시민참여,정치와 법,하,90,Y,법치주의,2023학년도 수능 3번,
21,,,통합사회2,인권 보장과 헌법,인권 보장을 위한 헌법의 역할과 시민참여,정치와 법,하,88,Y,법치주의,2022학년도 수능 3번,
22,,,통합사회2,인권 보장과 헌법,인권 보장을 위한 헌법의 역할과 시민참여,정치와 법,하,90,Y,법치주의,2023학년도 9월 모평 2번,
23,,,통합사회2,인권 보장과 헌법,인권 보장을 위한 헌법의 역할과 시민참여,정치와 법,하,85,Y,법치주의,2022년 10월 학평 3번,
24,,,통합사회2,인권 보장과 헌법,인권 보장을 위한 헌법의 역할과 시민참여,정치와 법,하,92,Y,법치주의,2024학년도 6월 모평 2번,
25,,,통합사회2,인권 보장과 헌법,인권 보장을 위한 헌법의 역할과 시민참여,정치와 법,하,89,Y,법치주의,2021년 10월 학평 2번,
26,,,통합사회2,인권 보장과 헌법,인권 보장을 위한 헌법의 역할과 시민참여,정치와 법,하,82,Y,법치주의,2024년 3월 학평 4번,
27,,,통합사회2,인권 보장과 헌법,인권 보장을 위한 헌법의 역할과 시민참여,정치와 법,하,89,Y,법치주의,2024학년도 수능2번 ,
28,,,통합사회2,인권 보장과 헌법,인권 보장을 위한 헌법의 역할과 시민참여,정치와 법,하,87,Y,법치주의,2020학년도 9월 모평 3번,
29,,,통합사회2,인권 보장과 헌법,인권 보장을 위한 헌법의 역할과 시민참여,정치와 법,하,94,Y,법치주의,2024년 7월 학평 8번,
30,,,통합사회2,인권 보장과 헌법,인권 보장을 위한 헌법의 역할과 시민참여,정치와 법,하,79,Y,법치주의,2025학년도 6월 모평 2번,
31,,,통합사회2,인권 보장과 헌법,인권 보장을 위한 헌법의 역할과 시민참여,정치와 법,하,72,Y,법치주의,2020년 3월 학평 2번,
32,,,통합사회2,인권 보장과 헌법,인권 보장을 위한 헌법의 역할과 시민참여,정치와 법,하,93,Y,법치주의,2020년 10월 학평 14번,
33,,,통합사회2,인권 보장과 헌법,인권 보장을 위한 헌법의 역할과 시민참여,정치와 법,하,88,Y,법치주의,2021학년도 9월 모평 2번,
34,,,통합사회2,인권 보장과 헌법,인권 보장을 위한 헌법의 역할과 시민참여,정치와 법,하,87,Y,법치주의,2021학년도 수능 6번,
35,,,통합사회2,인권 보장과 헌법,인권 보장을 위한 헌법의 역할과 시민참여,정치와 법,하,79,Y,법치주의,2024학년도 9월 모평 2번,
36,,,통합사회2,인권 보장과 헌법,인권 보장을 위한 헌법의 역할과 시민참여,정치와 법,하,83,Y,법치주의,2021년 4월 학평 1번,
37,,,통합사회2,인권 보장과 헌법,인권 보장을 위한 헌법의 역할과 시민참여,정치와 법,하,82,Y,법치주의,2021년 3월 학평 6번,
38,,,통합사회2,인권 보장과 헌법,인권 보장을 위한 헌법의 역할과 시민참여,정치와 법,하,73,Y,법치주의,2023년 3월 학평 3번,
39,,,통합사회2,인권 보장과 헌법,인권 보장을 위한 헌법의 역할과 시민참여,정치와 법,하,95,Y,법치주의,2024년 4월 학평 1번,
40,,,통합사회2,인권 보장과 헌법,인권 보장을 위한 헌법의 역할과 시민참여,정치와 법,하,93,Y,법치주의,2019학년도 6월 모평 2번,
41,,,통합사회2,인권 보장과 헌법,인권 보장을 위한 헌법의 역할과 시민참여,정치와 법,하,84,Y,법치주의,2020년 7월 학평 3번,
42,,,통합사회2,인권 보장과 헌법,인권 보장을 위한 헌법의 역할과 시민참여,정치와 법,하,84,Y,법치주의,2021년 7월 학평 4번,
43,,,통합사회2,인권 보장과 헌법,인권 보장을 위한 헌법의 역할과 시민참여,정치와 법,하,70,Y,법치주의,2020학년도 수능 4번,
44,,,통합사회2,인권 보장과 헌법,인권 보장을 위한 헌법의 역할과 시민참여,정치와 법,하,65,Y,법치주의,2022학년도 6월 모평 2번,
45,,,통합사회2,인권 보장과 헌법,인권 보장을 위한 헌법의 역할과 시민참여,정치와 법,중,60,Y,법치주의,2022년 3월 학평 14번,
46,,,통합사회2,인권 보장과 헌법,인권 보장을 위한 헌법의 역할과 시민참여,정치와 법,하,65,Y,법치주의,2022년 7월 학평 3번,
47,,,통합사회2,인권 보장과 헌법,인권 보장을 위한 헌법의 역할과 시민참여,정치와 법,하,92,Y,법치주의,2023년 10월 학평 6번,
48,,,통합사회2,인권 보장과 헌법,인권 보장을 위한 헌법의 역할과 시민참여,정치와 법,하,88,Y,법치주의,2025학년도 9월 모평 2번,
49,,,통합사회2,인권 보장과 헌법,인권 보장을 위한 헌법의 역할과 시민참여,정치와 법,하,89,Y,법치주의,2024년 10월 학평 1번,
50,,,통합사회2,인권 보장과 헌법,인권 보장을 위한 헌법의 역할과 시민참여,정치와 법,하,89,Y,법치주의,2025학년도 수능 2번,
51,,,통합사회2,인권 보장과 헌법,인권 보장을 위한 헌법의 역할과 시민참여,정치와 법,하,96,Y,헌법의 기본 원리,2023학년도 9월 모평 4번,
52,,,통합사회2,인권 보장과 헌법,인권 보장을 위한 헌법의 역할과 시민참여,정치와 법,하,91,Y,헌법의 기본 원리,2023학년도 수능 4번,
53,,,통합사회2,인권 보장과 헌법,인권 보장을 위한 헌법의 역할과 시민참여,정치와 법,하,97,Y,헌법의 기본 원리,2024년 4월 학평 2번,
54,,,통합사회2,인권 보장과 헌법,인권 보장을 위한 헌법의 역할과 시민참여,정치와 법,하,95,Y,헌법의 기본 원리,2025학년도 6월 모평 3번,
55,,,통합사회2,인권 보장과 헌법,인권 보장을 위한 헌법의 역할과 시민참여,정치와 법,하,95,Y,헌법의 기본 원리,2023학년도 6월 모평 6번,
56,,,통합사회2,인권 보장과 헌법,인권 보장을 위한 헌법의 역할과 시민참여,정치와 법,하,95,Y,헌법의 기본 원리,2024학년도 6월 모평 4번,
57,,,통합사회2,인권 보장과 헌법,인권 보장을 위한 헌법의 역할과 시민참여,정치와 법,하,92,Y,헌법의 기본 원리,2021년 4월 학평 5번,
58,,,통합사회2,인권 보장과 헌법,인권 보장을 위한 헌법의 역할과 시민참여,정치와 법,하,83,Y,헌법의 기본 원리,2022학년도 6월 모평 3번,
59,,,통합사회2,인권 보장과 헌법,인권 보장을 위한 헌법의 역할과 시민참여,정치와 법,하,87,Y,헌법의 기본 원리,2021학년도 9월 모평 3번,
60,,,통합사회2,인권 보장과 헌법,인권 보장을 위한 헌법의 역할과 시민참여,정치와 법,하,93,Y,헌법의 기본 원리,2020년 10월 학평 5번,
61,,,통합사회2,인권 보장과 헌법,인권 보장을 위한 헌법의 역할과 시민참여,정치와 법,하,96,Y,헌법의 기본 원리,2021학년도 6월 모평 6번,
62,,,통합사회2,인권 보장과 헌법,인권 보장을 위한 헌법의 역할과 시민참여,정치와 법,하,88,Y,헌법의 기본 원리,2021학년도 수능 7번,
63,,,통합사회2,인권 보장과 헌법,인권 보장을 위한 헌법의 역할과 시민참여,정치와 법,하,90,Y,헌법의 기본 원리,2022학년도 수능 2번,
64,,,통합사회2,인권 보장과 헌법,인권 보장을 위한 헌법의 역할과 시민참여,정치와 법,하,85,Y,헌법의 기본 원리,2024년 3월 학평 18번,
65,,,통합사회2,인권 보장과 헌법,인권 보장을 위한 헌법의 역할과 시민참여,정치와 법,하,84,Y,헌법의 기본 원리,2023년 7월 학평 18번,
66,,,통합사회2,인권 보장과 헌법,인권 보장을 위한 헌법의 역할과 시민참여,정치와 법,하,82,Y,헌법의 기본 원리,2022년 10월 학평 10번,
67,,,통합사회2,인권 보장과 헌법,인권 보장을 위한 헌법의 역할과 시민참여,정치와 법,하,86,Y,헌법의 기본 원리,2017학년도 수능 7번,
68,,,통합사회2,인권 보장과 헌법,인권 보장을 위한 헌법의 역할과 시민참여,정치와 법,하,71,Y,헌법의 기본 원리,2022년 3월 학평 6번,
69,,,통합사회2,인권 보장과 헌법,인권 보장을 위한 헌법의 역할과 시민참여,정치와 법,하,80,Y,헌법의 기본 원리,2023년 3월 학평 4번,
70,,,통합사회2,인권 보장과 헌법,인권 보장을 위한 헌법의 역할과 시민참여,정치와 법,하,83,Y,헌법의 기본 원리,2022년 7월 학평 4번,
71,,,통합사회2,인권 보장과 헌법,인권 보장을 위한 헌법의 역할과 시민참여,정치와 법,하,81,Y,헌법의 기본 원리,2024년 7월 학평 9번,
72,,,통합사회2,인권 보장과 헌법,인권 보장을 위한 헌법의 역할과 시민참여,정치와 법,하,82,Y,헌법의 기본 원리,2019년 3월 학평 4번,
73,,,통합사회2,인권 보장과 헌법,인권 보장을 위한 헌법의 역할과 시민참여,정치와 법,하,78,Y,헌법의 기본 원리,2021년 7월 학평 5번,
74,,,통합사회2,인권 보장과 헌법,인권 보장을 위한 헌법의 역할과 시민참여,정치와 법,하,79,Y,헌법의 기본 원리,2023년 4월 학평 3번,
75,,,통합사회2,인권 보장과 헌법,인권 보장을 위한 헌법의 역할과 시민참여,정치와 법,하,82,Y,헌법의 기본 원리,2020년 3월 학평 4번,
76,,,통합사회2,인권 보장과 헌법,인권 보장을 위한 헌법의 역할과 시민참여,정치와 법,하,78,Y,헌법의 기본 원리,2024학년도 9월 모평 4번,
77,,,통합사회2,인권 보장과 헌법,인권 보장을 위한 헌법의 역할과 시민참여,정치와 법,하,86,Y,헌법의 기본 원리,2020년 4월 학평 1번,
78,,,통합사회2,인권 보장과 헌법,인권 보장을 위한 헌법의 역할과 시민참여,정치와 법,하,68,Y,헌법의 기본 원리,2022년 4월 학평 1번,
79,,,통합사회2,인권 보장과 헌법,인권 보장을 위한 헌법의 역할과 시민참여,정치와 법,하,96,Y,헌법의 기본 원리,2022학년도 9월 모평 5번,
80,,,통합사회2,인권 보장과 헌법,인권 보장을 위한 헌법의 역할과 시민참여,정치와 법,하,65,Y,헌법의 기본 원리,2018년 7월 학평 16번,
81,,,통합사회2,인권 보장과 헌법,인권 보장을 위한 헌법의 역할과 시민참여,정치와 법,하,95,Y,헌법의 기본 원리,2024학년도 수능 3번,
82,,,통합사회2,인권 보장과 헌법,인권 보장을 위한 헌법의 역할과 시민참여,정치와 법,하,81,Y,헌법의 기본 원리,2020학년도 6월 모평 9번,
83,,,통합사회2,인권 보장과 헌법,인권 보장을 위한 헌법의 역할과 시민참여,정치와 법,하,67,Y,헌법의 기본 원리,2019년 7월 학평 16번,
84,,,통합사회2,인권 보장과 헌법,인권 보장을 위한 헌법의 역할과 시민참여,정치와 법,하,68,Y,헌법의 기본 원리,2020년 7월 학평 2번,
85,,,통합사회2,인권 보장과 헌법,인권 보장을 위한 헌법의 역할과 시민참여,정치와 법,하,71,Y,헌법의 기본 원리,2021년 3월 학평 14번,
86,,,통합사회2,인권 보장과 헌법,인권 보장을 위한 헌법의 역할과 시민참여,정치와 법,하,93,Y,헌법의 기본 원리,2023년 10월 학평 12번,
87,,,통합사회2,인권 보장과 헌법,인권 보장을 위한 헌법의 역할과 시민참여,정치와 법,하,96,Y,헌법의 기본 원리,2025학년도 9월 모평 6번,
88,,,통합사회2,인권 보장과 헌법,인권 보장을 위한 헌법의 역할과 시민참여,정치와 법,하,85,Y,헌법의 기본 원리,2024년 10월 학평 3번 ,
89,,,통합사회2,인권 보장과 헌법,인권 보장을 위한 헌법의 역할과 시민참여,정치와 법,하,94,Y,헌법의 기본 원리,2025학년도 수능 4번,
90,,,통합사회2,인권 보장과 헌법,인권 보장을 위한 헌법의 역할과 시민참여,정치와 법,하,61,Y,자연법과 실정법,2013년 7월 학평 14번,
91,,,통합사회2,인권 보장과 헌법,인권 보장을 위한 헌법의 역할과 시민참여,정치와 법,중,44,Y,자연법과 실정법,(정) 2012학년도 6월 모평 4번,
92,,,통합사회2,인권 보장과 헌법,인권 보장을 위한 헌법의 역할과 시민참여,정치와 법,하,90,Y,기본권의 종류와 내용,2024학년도 6월 모평 3번,
93,,,통합사회2,인권 보장과 헌법,인권 보장을 위한 헌법의 역할과 시민참여,정치와 법,하,92,Y,기본권의 종류와 내용,2022학년도 9월 모평 3번,
94,,,통합사회2,인권 보장과 헌법,인권 보장을 위한 헌법의 역할과 시민참여,정치와 법,하,83,Y,기본권의 종류와 내용,2022년 4월 학평 9번,
95,,,통합사회2,인권 보장과 헌법,인권 보장을 위한 헌법의 역할과 시민참여,정치와 법,하,82,Y,기본권의 종류와 내용,2021학년도 9월 모평 4번,
96,,,통합사회2,인권 보장과 헌법,인권 보장을 위한 헌법의 역할과 시민참여,정치와 법,하,80,Y,기본권의 종류와 내용,2022년 10월 학평 6번,
97,,,통합사회2,인권 보장과 헌법,인권 보장을 위한 헌법의 역할과 시민참여,정치와 법,하,85,Y,기본권의 종류와 내용,2023학년도 수능 12번,
98,,,통합사회2,인권 보장과 헌법,인권 보장을 위한 헌법의 역할과 시민참여,정치와 법,하,87,Y,기본권의 종류와 내용,2020년 10월 학평 8번,
99,,,통합사회2,인권 보장과 헌법,인권 보장을 위한 헌법의 역할과 시민참여,정치와 법,하,80,Y,기본권의 종류와 내용,2021학년도 수능 4번,
100,,,통합사회2,인권 보장과 헌법,인권 보장을 위한 헌법의 역할과 시민참여,정치와 법,하,83,Y,기본권의 종류와 내용,2021년 4월 학평 8번,
101,,,통합사회2,인권 보장과 헌법,인권 보장을 위한 헌법의 역할과 시민참여,정치와 법,하,80,Y,기본권의 종류와 내용,2021년 7월 학평 3번,
102,,,통합사회2,인권 보장과 헌법,인권 보장을 위한 헌법의 역할과 시민참여,정치와 법,하,75,Y,기본권의 종류와 내용,2024년 7월 학평 4번,
103,,,통합사회2,인권 보장과 헌법,인권 보장을 위한 헌법의 역할과 시민참여,정치와 법,하,84,Y,기본권의 종류와 내용,2024학년도 9월 모평 3번,
104,,,통합사회2,인권 보장과 헌법,인권 보장을 위한 헌법의 역할과 시민참여,정치와 법,하,74,Y,기본권의 종류와 내용,2020년 4월 학평 4번,
105,,,통합사회2,인권 보장과 헌법,인권 보장을 위한 헌법의 역할과 시민참여,정치와 법,하,85,Y,기본권의 종류와 내용,2023학년도 9월 모평 3번,
106,,,통합사회2,인권 보장과 헌법,인권 보장을 위한 헌법의 역할과 시민참여,정치와 법,하,84,Y,기본권의 종류와 내용,2021학년도 6월 모평 7번,
107,,,통합사회2,인권 보장과 헌법,인권 보장을 위한 헌법의 역할과 시민참여,정치와 법,하,86,Y,기본권의 종류와 내용,2024년 4월 학평 11번,
108,,,통합사회2,인권 보장과 헌법,인권 보장을 위한 헌법의 역할과 시민참여,정치와 법,하,86,Y,기본권의 종류와 내용,2020학년도 수능 8번,
109,,,통합사회2,인권 보장과 헌법,인권 보장을 위한 헌법의 역할과 시민참여,정치와 법,하,66,Y,기본권의 종류와 내용,2024년 3월 학평 5번,
110,,,통합사회2,인권 보장과 헌법,인권 보장을 위한 헌법의 역할과 시민참여,정치와 법,중,56,Y,기본권의 종류와 내용,2020년 3월 학평 15번,
111,,,통합사회2,인권 보장과 헌법,인권 보장을 위한 헌법의 역할과 시민참여,정치와 법,하,66,Y,기본권의 종류와 내용,2023학년도 6월 모평 3번,
112,,,통합사회2,인권 보장과 헌법,인권 보장을 위한 헌법의 역할과 시민참여,정치와 법,하,68,Y,기본권의 종류와 내용,2021년 10월 학평 3번,
113,,,통합사회2,인권 보장과 헌법,인권 보장을 위한 헌법의 역할과 시민참여,정치와 법,하,89,Y,기본권의 종류와 내용,2023년 10월 학평 2번,
114,,,통합사회2,인권 보장과 헌법,인권 보장을 위한 헌법의 역할과 시민참여,정치와 법,하,80,Y,기본권의 종류와 내용,2022학년도 수능 4번,
115,,,통합사회2,인권 보장과 헌법,인권 보장을 위한 헌법의 역할과 시민참여,정치와 법,하,79,Y,기본권의 종류와 내용,2023년 4월 학평 4번,
116,,,통합사회2,인권 보장과 헌법,인권 보장을 위한 헌법의 역할과 시민참여,정치와 법,중,53,Y,기본권의 종류와 내용,2022년 3월 학평 19번,
117,,,통합사회2,인권 보장과 헌법,인권 보장을 위한 헌법의 역할과 시민참여,정치와 법,하,80,Y,기본권의 종류와 내용,2022학년도 6월 모평6번 ,
118,,,통합사회2,인권 보장과 헌법,인권 보장을 위한 헌법의 역할과 시민참여,정치와 법,하,84,Y,기본권의 종류와 내용,2025학년도 6월 모평 6번,
119,,,통합사회2,인권 보장과 헌법,인권 보장을 위한 헌법의 역할과 시민참여,정치와 법,하,69,Y,기본권의 종류와 내용,2023년 7월 학평 2번,
120,,,통합사회2,인권 보장과 헌법,인권 보장을 위한 헌법의 역할과 시민참여,정치와 법,중,53,Y,기본권의 종류와 내용,2023년 3월 학평 5번,
121,,,통합사회2,인권 보장과 헌법,인권 보장을 위한 헌법의 역할과 시민참여,정치와 법,중,39,Y,기본권의 종류와 내용,2018년 3월 학평 17번,
122,,,통합사회2,인권 보장과 헌법,인권 보장을 위한 헌법의 역할과 시민참여,정치와 법,하,66,Y,기본권의 종류와 내용,2021년 3월 학평 18번,
123,,,통합사회2,인권 보장과 헌법,인권 보장을 위한 헌법의 역할과 시민참여,정치와 법,하,94,Y,기본권의 제한,2014학년도 9월 모평 5번,
124,,,통합사회2,인권 보장과 헌법,인권 보장을 위한 헌법의 역할과 시민참여,정치와 법,하,66,Y,기본권의 제한,2022년 7월 학평 20번,
125,,,통합사회2,인권 보장과 헌법,인권 보장을 위한 헌법의 역할과 시민참여,정치와 법,하,82,Y,과잉 금지의 원칙,2020년 7월 학평 4번,
126,,,통합사회2,인권 보장과 헌법,인권 보장을 위한 헌법의 역할과 시민참여,정치와 법,중,52,Y,과잉 금지의 원칙,2024학년도 수능4번 ,
127,,,통합사회2,인권 보장과 헌법,인권 보장을 위한 헌법의 역할과 시민참여,정치와 법,중,52,Y,과잉 금지의 원칙,2019년 7월 학평 14번,
128,,,통합사회2,인권 보장과 헌법,인권 보장을 위한 헌법의 역할과 시민참여,정치와 법,하,70,Y,과잉 금지의 원칙,2020학년도 6월 모평 6번,
129,,,통합사회2,인권 보장과 헌법,인권 보장을 위한 헌법의 역할과 시민참여,정치와 법,하,93,Y,기본권의 종류와 내용,2025학년도 9월 모평 3번,
130,,,통합사회2,인권 보장과 헌법,인권 보장을 위한 헌법의 역할과 시민참여,정치와 법,하,76,Y,기본권의 종류와 내용,2024년 10월 학평 5번,
131,,,통합사회2,인권 보장과 헌법,인권 보장을 위한 헌법의 역할과 시민참여,정치와 법,하,86,Y,기본권의 종류와 내용,2025학년도 수능 3번,
132,,,통합사회2,인권 보장과 헌법,인권 보장을 위한 헌법의 역할과 시민참여,정치와 법,중,57,Y,국회의 기능,2022년 7월 학평 7번,
133,,,통합사회2,인권 보장과 헌법,인권 보장을 위한 헌법의 역할과 시민참여,정치와 법,중,58,Y,국회의 기능,2018년 10월 학평 17번,
134,,,통합사회2,인권 보장과 헌법,인권 보장을 위한 헌법의 역할과 시민참여,정치와 법,상,40,Y,입법과정,2022년 4월 학평 6번,
135,,,통합사회2,인권 보장과 헌법,인권 보장을 위한 헌법의 역할과 시민참여,정치와 법,하,64,Y,입법과정,2022학년도 6월 모평 12번,
136,,,통합사회2,인권 보장과 헌법,인권 보장을 위한 헌법의 역할과 시민참여,정치와 법,상,28,Y,입법과정,2019학년도 6월 모평 13번,
137,,,통합사회2,인권 보장과 헌법,인권 보장을 위한 헌법의 역할과 시민참여,정치와 법,하,87,Y,행정부,2022학년도 수능 5번,
138,,,통합사회2,인권 보장과 헌법,인권 보장을 위한 헌법의 역할과 시민참여,정치와 법,중,57,Y,행정부,2023학년도 6월 모평 8번,
139,,,통합사회2,인권 보장과 헌법,인권 보장을 위한 헌법의 역할과 시민참여,정치와 법,하,71,Y,행정부,2024년 4월 학평 19번,
140,,,통합사회2,인권 보장과 헌법,인권 보장을 위한 헌법의 역할과 시민참여,정치와 법,하,73,Y,행정부,2022년 10월 학평 13번,
141,,,통합사회2,인권 보장과 헌법,인권 보장을 위한 헌법의 역할과 시민참여,정치와 법,중,47,Y,법원,2019년 7월 학평 5번,
142,,,통합사회2,인권 보장과 헌법,인권 보장을 위한 헌법의 역할과 시민참여,정치와 법,중,53,Y,법원,2018년 4월 학평 14번,
143,,,통합사회2,인권 보장과 헌법,인권 보장을 위한 헌법의 역할과 시민참여,정치와 법,중,42,Y,법원,2021학년도 6월 모평 9번,
144,,,통합사회2,인권 보장과 헌법,인권 보장을 위한 헌법의 역할과 시민참여,정치와 법,상,31,Y,법원,2019학년도 9월 모평 5번,
145,,,통합사회2,인권 보장과 헌법,인권 보장을 위한 헌법의 역할과 시민참여,정치와 법,하,86,Y,헌법 재판소,2023년 10월 학평 15번,
146,,,통합사회2,인권 보장과 헌법,인권 보장을 위한 헌법의 역할과 시민참여,정치와 법,하,87,Y,헌법 재판소,2023학년도 9월 모평 7번,
147,,,통합사회2,인권 보장과 헌법,인권 보장을 위한 헌법의 역할과 시민참여,정치와 법,하,77,Y,헌법 재판소,2020년 10월 학평 6번,
148,,,통합사회2,인권 보장과 헌법,인권 보장을 위한 헌법의 역할과 시민참여,정치와 법,하,76,Y,헌법 재판소,2021학년도 9월 모평 7번,
149,,,통합사회2,인권 보장과 헌법,인권 보장을 위한 헌법의 역할과 시민참여,정치와 법,하,72,Y,헌법 재판소,2022년 10월 학평 5번,
150,,,통합사회2,인권 보장과 헌법,인권 보장을 위한 헌법의 역할과 시민참여,정치와 법,하,88,Y,헌법 재판소,2022학년도 수능 8번,
151,,,통합사회2,인권 보장과 헌법,인권 보장을 위한 헌법의 역할과 시민참여,정치와 법,하,71,Y,헌법 재판소,2022학년도 6월 모평 7번,
152,,,통합사회2,인권 보장과 헌법,인권 보장을 위한 헌법의 역할과 시민참여,정치와 법,하,63,Y,헌법 재판소,2020년 7월 학평 16번,
153,,,통합사회2,인권 보장과 헌법,인권 보장을 위한 헌법의 역할과 시민참여,정치와 법,하,67,Y,헌법 재판소,2024년 4월 학평 10번,
154,,,통합사회2,인권 보장과 헌법,인권 보장을 위한 헌법의 역할과 시민참여,정치와 법,하,62,Y,헌법 재판소,2024년 3월 학평 12번,
155,,,통합사회2,인권 보장과 헌법,인권 보장을 위한 헌법의 역할과 시민참여,정치와 법,중,54,Y,헌법 재판소,2021년 3월 학평 5번,
156,,,통합사회2,인권 보장과 헌법,인권 보장을 위한 헌법의 역할과 시민참여,정치와 법,중,49,Y,헌법 재판소,2023학년도 6월 모평 9번,
157,,,통합사회2,인권 보장과 헌법,인권 보장을 위한 헌법의 역할과 시민참여,정치와 법,하,69,Y,헌법 재판소,2019학년도 수능 4번,
158,,,통합사회2,인권 보장과 헌법,인권 보장을 위한 헌법의 역할과 시민참여,정치와 법,상,40,Y,헌법 재판소,2024학년도 9월 모평 9번,
159,,,통합사회2,인권 보장과 헌법,인권 보장을 위한 헌법의 역할과 시민참여,정치와 법,중,47,Y,헌법 재판소,2021학년도 수능 9번,
160,,,통합사회2,인권 보장과 헌법,인권 보장을 위한 헌법의 역할과 시민참여,정치와 법,하,64,Y,헌법 재판소,2022년 7월 학평 6번,
161,,,통합사회2,인권 보장과 헌법,인권 보장을 위한 헌법의 역할과 시민참여,정치와 법,하,66,Y,헌법 재판소,2021년 10월 학평 8번,
162,,,통합사회2,인권 보장과 헌법,인권 보장을 위한 헌법의 역할과 시민참여,정치와 법,하,69,Y,헌법 재판소,2022학년도 9월 모평 8번,
163,,,통합사회2,인권 보장과 헌법,인권 보장을 위한 헌법의 역할과 시민참여,정치와 법,중,53,Y,헌법 재판소,2022년 3월 학평 3번,
164,,,통합사회2,인권 보장과 헌법,인권 보장을 위한 헌법의 역할과 시민참여,정치와 법,상,35,Y,헌법 재판소,2023학년도 수능 8번,
165,,,통합사회2,인권 보장과 헌법,인권 보장을 위한 헌법의 역할과 시민참여,정치와 법,하,63,Y,헌법 재판소,2022년 4월 학평 8번,
166,,,통합사회2,인권 보장과 헌법,인권 보장을 위한 헌법의 역할과 시민참여,정치와 법,중,60,Y,헌법 재판소,2021년 7월 학평 14번,
167,,,통합사회2,인권 보장과 헌법,인권 보장을 위한 헌법의 역할과 시민참여,정치와 법,하,71,Y,헌법 재판소,2021년 4월 학평 10번,
168,,,통합사회2,인권 보장과 헌법,인권 보장을 위한 헌법의 역할과 시민참여,정치와 법,상,28,Y,헌법 재판소,2024학년도 수능 9번,
169,,,통합사회2,인권 보장과 헌법,인권 보장을 위한 헌법의 역할과 시민참여,정치와 법,상,34,Y,헌법 재판소,2023년 4월 학평 9번,
170,,,통합사회2,인권 보장과 헌법,인권 보장을 위한 헌법의 역할과 시민참여,정치와 법,중,59,Y,헌법 재판소,2024년 7월 학평 14번,
171,,,통합사회2,인권 보장과 헌법,인권 보장을 위한 헌법의 역할과 시민참여,정치와 법,중,54,Y,헌법 재판소,2025학년도 6월 모평 7번,
172,,,통합사회2,인권 보장과 헌법,인권 보장을 위한 헌법의 역할과 시민참여,정치와 법,중,55,Y,헌법 재판소,2023년 3월 학평 6번,
173,,,통합사회2,인권 보장과 헌법,인권 보장을 위한 헌법의 역할과 시민참여,정치와 법,중,53,Y,헌법 재판소,2024학년도 6월 모평 9번,
174,,,통합사회2,인권 보장과 헌법,인권 보장을 위한 헌법의 역할과 시민참여,정치와 법,하,79,Y,"입법부, 행정부, 사법부 간의 견제와 균형",2023년 7월 학평 3번 ,
175,,,통합사회2,인권 보장과 헌법,인권 보장을 위한 헌법의 역할과 시민참여,정치와 법,하,75,Y,"입법부, 행정부, 사법부 간의 견제와 균형",2024년 3월 학평 3번,
176,,,통합사회2,인권 보장과 헌법,인권 보장을 위한 헌법의 역할과 시민참여,정치와 법,하,81,Y,"입법부, 행정부, 사법부 간의 견제와 균형",2021년 4월 학평 2번,
177,,,통합사회2,인권 보장과 헌법,인권 보장을 위한 헌법의 역할과 시민참여,정치와 법,하,68,Y,"입법부, 행정부, 사법부 간의 견제와 균형",2024학년도 6월 모평 13번,
178,,,통합사회2,인권 보장과 헌법,인권 보장을 위한 헌법의 역할과 시민참여,정치와 법,하,67,Y,"입법부, 행정부, 사법부 간의 견제와 균형",2020년 4월 학평 6번,
179,,,통합사회2,인권 보장과 헌법,인권 보장을 위한 헌법의 역할과 시민참여,정치와 법,하,65,Y,"입법부, 행정부, 사법부 간의 견제와 균형",2021학년도 9월 모평 6번,
180,,,통합사회2,인권 보장과 헌법,인권 보장을 위한 헌법의 역할과 시민참여,정치와 법,하,66,Y,"입법부, 행정부, 사법부 간의 견제와 균형",2020년 3월 학평 12번,
181,,,통합사회2,인권 보장과 헌법,인권 보장을 위한 헌법의 역할과 시민참여,정치와 법,하,73,Y,"입법부, 행정부, 사법부 간의 견제와 균형",2023학년도 9월 모평 9번,
182,,,통합사회2,인권 보장과 헌법,인권 보장을 위한 헌법의 역할과 시민참여,정치와 법,중,55,Y,"입법부, 행정부, 사법부 간의 견제와 균형",2022년 3월 학평 2번,
183,,,통합사회2,인권 보장과 헌법,인권 보장을 위한 헌법의 역할과 시민참여,정치와 법,하,67,Y,"입법부, 행정부, 사법부 간의 견제와 균형",2021년 3월 학평 2번,
184,,,통합사회2,인권 보장과 헌법,인권 보장을 위한 헌법의 역할과 시민참여,정치와 법,하,65,Y,"입법부, 행정부, 사법부 간의 견제와 균형",2020년 10월 학평 16번,
185,,,통합사회2,인권 보장과 헌법,인권 보장을 위한 헌법의 역할과 시민참여,정치와 법,중,55,Y,"입법부, 행정부, 사법부 간의 견제와 균형",2021학년도 수능 2번,
186,,,통합사회2,인권 보장과 헌법,인권 보장을 위한 헌법의 역할과 시민참여,정치와 법,중,45,Y,"입법부, 행정부, 사법부 간의 견제와 균형",2022학년도 9월 모평 4번,
187,,,통합사회2,인권 보장과 헌법,인권 보장을 위한 헌법의 역할과 시민참여,정치와 법,하,77,Y,"입법부, 행정부, 사법부 간의 견제와 균형",2021년 10월 학평 5번,
188,,,통합사회2,인권 보장과 헌법,인권 보장을 위한 헌법의 역할과 시민참여,정치와 법,하,71,Y,"입법부, 행정부, 사법부 간의 견제와 균형",2024년 7월 학평 6번,
189,,,통합사회2,인권 보장과 헌법,인권 보장을 위한 헌법의 역할과 시민참여,정치와 법,하,75,Y,"입법부, 행정부, 사법부 간의 견제와 균형",2023년 10월 학평 13번,
190,,,통합사회2,인권 보장과 헌법,인권 보장을 위한 헌법의 역할과 시민참여,정치와 법,하,76,Y,"입법부, 행정부, 사법부 간의 견제와 균형",2017학년도 9월 모평 9번,
191,,,통합사회2,인권 보장과 헌법,인권 보장을 위한 헌법의 역할과 시민참여,정치와 법,하,64,Y,"입법부, 행정부, 사법부 간의 견제와 균형",2023년 3월 학평 9번,
192,,,통합사회2,인권 보장과 헌법,인권 보장을 위한 헌법의 역할과 시민참여,정치와 법,중,58,Y,"입법부, 행정부, 사법부 간의 견제와 균형",2025학년도 6월 모평 4번,
193,,,통합사회2,인권 보장과 헌법,인권 보장을 위한 헌법의 역할과 시민참여,정치와 법,중,60,Y,"입법부, 행정부, 사법부 간의 견제와 균형",2018년 4월 학평 11번,
194,,,통합사회2,인권 보장과 헌법,인권 보장을 위한 헌법의 역할과 시민참여,정치와 법,중,58,Y,"입법부, 행정부, 사법부 간의 견제와 균형",2023년 4월 학평 6번,
195,,,통합사회2,인권 보장과 헌법,인권 보장을 위한 헌법의 역할과 시민참여,정치와 법,중,46,Y,"입법부, 행정부, 사법부 간의 견제와 균형",2023학년도 수능 19번,
196,,,통합사회2,인권 보장과 헌법,인권 보장을 위한 헌법의 역할과 시민참여,정치와 법,중,44,Y,"입법부, 행정부, 사법부 간의 견제와 균형",2024학년도 9월 모평 8번,
197,,,통합사회2,인권 보장과 헌법,인권 보장을 위한 헌법의 역할과 시민참여,정치와 법,중,52,Y,"입법부, 행정부, 사법부 간의 견제와 균형",2020년 7월 학평 6번,
198,,,통합사회2,인권 보장과 헌법,인권 보장을 위한 헌법의 역할과 시민참여,정치와 법,중,54,Y,"입법부, 행정부, 사법부 간의 견제와 균형",2019년 10월 학평 19번,
199,,,통합사회2,인권 보장과 헌법,인권 보장을 위한 헌법의 역할과 시민참여,정치와 법,중,57,Y,"입법부, 행정부, 사법부 간의 견제와 균형",2021년 7월 학평 8번,
200,,,통합사회2,인권 보장과 헌법,인권 보장을 위한 헌법의 역할과 시민참여,정치와 법,중,46,Y,"입법부, 행정부, 사법부 간의 견제와 균형",2018년 3월 학평 12번,
201,,,통합사회2,인권 보장과 헌법,인권 보장을 위한 헌법의 역할과 시민참여,정치와 법,상,40,Y,"입법부, 행정부, 사법부 간의 견제와 균형",2024학년도 수능 6번,
202,,,통합사회2,인권 보장과 헌법,인권 보장을 위한 헌법의 역할과 시민참여,정치와 법,상,32,Y,"입법부, 행정부, 사법부 간의 견제와 균형",2020학년도 6월 모평 7번,
203,,,통합사회2,인권 보장과 헌법,인권 보장을 위한 헌법의 역할과 시민참여,정치와 법,하,82,Y,지방 자치 제도,2022학년도 9월 모평 7번,
204,,,통합사회2,인권 보장과 헌법,인권 보장을 위한 헌법의 역할과 시민참여,정치와 법,하,76,Y,지방 자치 제도,2024학년도 9월 모평 6번,
205,,,통합사회2,인권 보장과 헌법,인권 보장을 위한 헌법의 역할과 시민참여,정치와 법,하,90,Y,우리나라의 지방 자치 단체,2021년 7월 학평 17번,
206,,,통합사회2,인권 보장과 헌법,인권 보장을 위한 헌법의 역할과 시민참여,정치와 법,하,70,Y,우리나라의 지방 자치 단체,2022년 3월 학평 7번,
207,,,통합사회2,인권 보장과 헌법,인권 보장을 위한 헌법의 역할과 시민참여,정치와 법,하,67,Y,우리나라의 지방 자치 단체,2021학년도 6월 모평 5번,
208,,,통합사회2,인권 보장과 헌법,인권 보장을 위한 헌법의 역할과 시민참여,정치와 법,중,42,Y,헌법 재판소,2025학년도 9월 모평 5번,
209,,,통합사회2,인권 보장과 헌법,인권 보장을 위한 헌법의 역할과 시민참여,정치와 법,하,78,Y,"입법부, 행정부, 사법부 간의 견제와 균형",2025학년도 9월 모평 7번,
210,,,통합사회2,인권 보장과 헌법,인권 보장을 위한 헌법의 역할과 시민참여,정치와 법,하,80,Y,헌법 재판소,2024년 10월 학평 19번,
211,,,통합사회2,인권 보장과 헌법,인권 보장을 위한 헌법의 역할과 시민참여,정치와 법,하,84,Y,"입법부, 행정부, 사법부 간의 견제와 균형",2024년 10월 학평 13번,
212,,,통합사회2,인권 보장과 헌법,인권 보장을 위한 헌법의 역할과 시민참여,정치와 법,중,56,Y,"입법부, 행정부, 사법부 간의 견제와 균형",2025학년도 수능 8번,
213,,,통합사회2,인권 보장과 헌법,인권 보장을 위한 헌법의 역할과 시민참여,정치와 법,하,69,Y,헌법 재판소,2025학년도 수능 9번,
214,,,통합사회2,인권 보장과 헌법,인권 보장을 위한 헌법의 역할과 시민참여,정치와 법,하,86,Y,정치 참여,2020년 7월 학평 13번,
215,,,통합사회2,인권 보장과 헌법,인권 보장을 위한 헌법의 역할과 시민참여,정치와 법,하,94,Y,정치 참여,2022학년도 수능 10번,
216,,,통합사회2,인권 보장과 헌법,인권 보장을 위한 헌법의 역할과 시민참여,정치와 법,하,96,Y,정치 참여,2020년 4월 학평 12번,
217,,,통합사회2,인권 보장과 헌법,인권 보장을 위한 헌법의 역할과 시민참여,정치와 법,하,78,Y,정치 참여,2021학년도 9월 모평 9번,
218,,,통합사회2,인권 보장과 헌법,인권 보장을 위한 헌법의 역할과 시민참여,정치와 법,하,74,Y,정치 참여,2021년 4월 학평 4번,
219,,,통합사회2,인권 보장과 헌법,인권 보장을 위한 헌법의 역할과 시민참여,정치와 법,하,70,Y,민주선거의 4대 원칙,2015년 10월 학평 13번,
220,,,통합사회2,인권 보장과 헌법,인권 보장을 위한 헌법의 역할과 시민참여,정치와 법,하,88,Y,민주선거의 4대 원칙,2017학년도 수능 3번,
221,,,통합사회2,인권 보장과 헌법,인권 보장을 위한 헌법의 역할과 시민참여,정치와 법,하,94,Y,정당의 기능,2017학년도 9월 모평 5번,
222,,,통합사회2,인권 보장과 헌법,인권 보장을 위한 헌법의 역할과 시민참여,정치와 법,하,70,Y,정당의 기능,2019학년도 6월 모평 6번 ,
223,,,통합사회2,인권 보장과 헌법,인권 보장을 위한 헌법의 역할과 시민참여,정치와 법,하,87,Y,정당제도의 유형,2021년 7월 학평 11번,
224,,,통합사회2,인권 보장과 헌법,인권 보장을 위한 헌법의 역할과 시민참여,정치와 법,하,79,Y,정당제도의 유형,2019년 10월 학평 3번,
225,,,통합사회2,인권 보장과 헌법,인권 보장을 위한 헌법의 역할과 시민참여,정치와 법,하,69,Y,정당제도의 유형,2020학년도 9월 모평 2번,
226,,,통합사회2,인권 보장과 헌법,인권 보장을 위한 헌법의 역할과 시민참여,정치와 법,하,73,Y,정당제도의 유형,2018학년도 6월 모평 11번,
227,,,통합사회2,인권 보장과 헌법,인권 보장을 위한 헌법의 역할과 시민참여,정치와 법,하,67,Y,정당제도의 유형,2017년 4월 학평 5번,
228,,,통합사회2,인권 보장과 헌법,인권 보장을 위한 헌법의 역할과 시민참여,정치와 법,하,84,Y,정당제도의 유형,2020년 7월 학평 10번,
229,,,통합사회2,인권 보장과 헌법,인권 보장을 위한 헌법의 역할과 시민참여,정치와 법,중,43,Y,정당제도의 유형,2020학년도 6월 모평 20번,
230,,,통합사회2,인권 보장과 헌법,인권 보장을 위한 헌법의 역할과 시민참여,정치와 법,하,95,Y,정치 참여 집단의 특징 비교,2022학년도 9월 모평 6번 ,
231,,,통합사회2,인권 보장과 헌법,인권 보장을 위한 헌법의 역할과 시민참여,정치와 법,하,88,Y,정치 참여 집단의 특징 비교,2021년 7월 학평 9번,
232,,,통합사회2,인권 보장과 헌법,인권 보장을 위한 헌법의 역할과 시민참여,정치와 법,하,84,Y,정치 참여 집단의 특징 비교,2023학년도 9월 모평 8번,
233,,,통합사회2,인권 보장과 헌법,인권 보장을 위한 헌법의 역할과 시민참여,정치와 법,하,91,Y,정치 참여 집단의 특징 비교,2022년 10월 학평 18번,
234,,,통합사회2,인권 보장과 헌법,인권 보장을 위한 헌법의 역할과 시민참여,정치와 법,하,87,Y,정치 참여 집단의 특징 비교,2023학년도 수능 2번,
235,,,통합사회2,인권 보장과 헌법,인권 보장을 위한 헌법의 역할과 시민참여,정치와 법,하,92,Y,정치 참여 집단의 특징 비교,2023년 4월 학평 2번,
236,,,통합사회2,인권 보장과 헌법,인권 보장을 위한 헌법의 역할과 시민참여,정치와 법,하,92,Y,정치 참여 집단의 특징 비교,2019년 10월 학평 13번,
237,,,통합사회2,인권 보장과 헌법,인권 보장을 위한 헌법의 역할과 시민참여,정치와 법,하,80,Y,정치 참여 집단의 특징 비교,2020년 4월 학평 5번,
238,,,통합사회2,인권 보장과 헌법,인권 보장을 위한 헌법의 역할과 시민참여,정치와 법,하,92,Y,정치 참여 집단의 특징 비교,2022학년도 6월 모평 8번,
239,,,통합사회2,인권 보장과 헌법,인권 보장을 위한 헌법의 역할과 시민참여,정치와 법,하,88,Y,정치 참여 집단의 특징 비교,2024학년도 6월 모평 16번,
240,,,통합사회2,인권 보장과 헌법,인권 보장을 위한 헌법의 역할과 시민참여,정치와 법,하,88,Y,정치 참여 집단의 특징 비교,2024년 4월 학평 5번,
241,,,통합사회2,인권 보장과 헌법,인권 보장을 위한 헌법의 역할과 시민참여,정치와 법,하,85,Y,정치 참여 집단의 특징 비교,2022년 4월 학평 5번,
242,,,통합사회2,인권 보장과 헌법,인권 보장을 위한 헌법의 역할과 시민참여,정치와 법,하,65,Y,정치 참여 집단의 특징 비교,2022년 3월 학평 4번,
243,,,통합사회2,인권 보장과 헌법,인권 보장을 위한 헌법의 역할과 시민참여,정치와 법,하,69,Y,정치 참여 집단의 특징 비교,2021년 3월 학평 8번,
244,,,통합사회2,인권 보장과 헌법,인권 보장을 위한 헌법의 역할과 시민참여,정치와 법,하,84,Y,정치 참여 집단의 특징 비교,2023년 7월 학평 11번,
245,,,통합사회2,인권 보장과 헌법,인권 보장을 위한 헌법의 역할과 시민참여,정치와 법,하,94,Y,정치 참여 집단의 특징 비교,2024학년도 수능 13번,
246,,,통합사회2,인권 보장과 헌법,인권 보장을 위한 헌법의 역할과 시민참여,정치와 법,하,69,Y,정치 참여 집단의 특징 비교,2023년 3월 학평 15번,
247,,,통합사회2,인권 보장과 헌법,인권 보장을 위한 헌법의 역할과 시민참여,정치와 법,하,62,Y,정치 참여 집단의 특징 비교,2018년 7월 학평 5번,
248,,,통합사회2,인권 보장과 헌법,인권 보장을 위한 헌법의 역할과 시민참여,정치와 법,하,92,Y,정치 참여 집단의 특징 비교,2021학년도 수능 8번,
249,,,통합사회2,인권 보장과 헌법,인권 보장을 위한 헌법의 역할과 시민참여,정치와 법,하,76,Y,정치 참여 집단의 특징 비교,2021학년도 6월 모평10번 ,
250,,,통합사회2,인권 보장과 헌법,인권 보장을 위한 헌법의 역할과 시민참여,정치와 법,하,88,Y,정치 참여 집단의 특징 비교,2024학년도 9월 모평 16번,
251,,,통합사회2,인권 보장과 헌법,인권 보장을 위한 헌법의 역할과 시민참여,정치와 법,하,92,Y,정치 참여 집단의 특징 비교,2025학년도 6월 모평 8번,
252,,,통합사회2,인권 보장과 헌법,인권 보장을 위한 헌법의 역할과 시민참여,정치와 법,하,89,Y,정치 참여 집단의 특징 비교,2019년 7월 학평 6번,
253,,,통합사회2,인권 보장과 헌법,인권 보장을 위한 헌법의 역할과 시민참여,정치와 법,하,83,Y,정치 참여 집단의 특징 비교,2018년 10월 학평 12번,
254,,,통합사회2,인권 보장과 헌법,인권 보장을 위한 헌법의 역할과 시민참여,정치와 법,하,84,Y,정치 참여 집단의 특징 비교,2024년 7월 학평 19번,
255,,,통합사회2,인권 보장과 헌법,인권 보장을 위한 헌법의 역할과 시민참여,정치와 법,하,70,Y,정치 참여 집단의 특징 비교,2020년 3월 학평 17번,
256,,,통합사회2,인권 보장과 헌법,인권 보장을 위한 헌법의 역할과 시민참여,정치와 법,하,87,Y,정치 참여 집단의 특징 비교,2020년 10월 학평 12번,
257,,,통합사회2,인권 보장과 헌법,인권 보장을 위한 헌법의 역할과 시민참여,정치와 법,하,97,Y,정치 참여 집단의 특징 비교,2023년 10월 학평 8번,
258,,,통합사회2,인권 보장과 헌법,인권 보장을 위한 헌법의 역할과 시민참여,정치와 법,중,59,Y,정치 참여 집단의 특징 비교,2021년 4월 학평 6번,
259,,,통합사회2,인권 보장과 헌법,인권 보장을 위한 헌법의 역할과 시민참여,정치와 법,하,72,Y,정치 참여 집단의 특징 비교,2023학년도 6월 모평 19번,
260,,,통합사회2,인권 보장과 헌법,인권 보장을 위한 헌법의 역할과 시민참여,정치와 법,하,68,Y,정치 참여 집단의 특징 비교,2021학년도 9월 모평 5번,
261,,,통합사회2,인권 보장과 헌법,인권 보장을 위한 헌법의 역할과 시민참여,정치와 법,하,88,Y,정치 참여 집단의 특징 비교,2022학년도 수능 9번,
262,,,통합사회2,인권 보장과 헌법,인권 보장을 위한 헌법의 역할과 시민참여,정치와 법,하,85,Y,정치 참여 집단의 특징 비교,2022년 7월 학평 11번,
263,,,통합사회2,인권 보장과 헌법,인권 보장을 위한 헌법의 역할과 시민참여,정치와 법,하,91,Y,언론,2014학년도 수능 5번,
264,,,통합사회2,인권 보장과 헌법,인권 보장을 위한 헌법의 역할과 시민참여,정치와 법,하,82,Y,언론,2016학년도 9월 모평 2번,
265,,,통합사회2,인권 보장과 헌법,인권 보장을 위한 헌법의 역할과 시민참여,정치와 법,하,96,Y,언론,2015학년도 수능 3번,
266,,,통합사회2,인권 보장과 헌법,인권 보장을 위한 헌법의 역할과 시민참여,정치와 법,하,78,Y,정치 참여 집단의 특징 비교,2025학년도 9월 모평 16번,
267,,,통합사회2,인권 보장과 헌법,인권 보장을 위한 헌법의 역할과 시민참여,정치와 법,하,94,Y,정치 참여 집단의 특징 비교,2024년 10월 학평 16번,
268,,,통합사회2,인권 보장과 헌법,인권 보장을 위한 헌법의 역할과 시민참여,정치와 법,하,84,Y,정치 참여 집단의 특징 비교,2025학년도 수능 6번,
269,,,통합사회2,인권 보장과 헌법,인권 보장을 위한 헌법의 역할과 시민참여,정치와 법,중,53,Y,죄형 법정주의,2021년 7월 학평 7번,
270,,,통합사회2,인권 보장과 헌법,인권 보장을 위한 헌법의 역할과 시민참여,정치와 법,중,45,Y,죄형 법정주의,2023학년도 6월 모평 14번,
271,,,통합사회2,인권 보장과 헌법,인권 보장을 위한 헌법의 역할과 시민참여,정치와 법,하,84,Y,죄형 법정주의,2021학년도 6월 모평 17번,
272,,,통합사회2,인권 보장과 헌법,인권 보장을 위한 헌법의 역할과 시민참여,정치와 법,하,90,Y,죄형 법정주의,2024년 4월 학평 13번,
273,,,통합사회2,인권 보장과 헌법,인권 보장을 위한 헌법의 역할과 시민참여,정치와 법,하,84,Y,죄형 법정주의,2023년 4월 학평 13번,
274,,,통합사회2,인권 보장과 헌법,인권 보장을 위한 헌법의 역할과 시민참여,정치와 법,하,85,Y,죄형 법정주의,2025학년도 6월 모평 16번,
275,,,통합사회2,인권 보장과 헌법,인권 보장을 위한 헌법의 역할과 시민참여,정치와 법,하,87,Y,죄형 법정주의,2021년 4월 학평 15번,
276,,,통합사회2,인권 보장과 헌법,인권 보장을 위한 헌법의 역할과 시민참여,정치와 법,하,71,Y,죄형 법정주의,2023년 7월 학평 15번,
277,,,통합사회2,인권 보장과 헌법,인권 보장을 위한 헌법의 역할과 시민참여,정치와 법,하,89,Y,죄형 법정주의,2024학년도 6월 모평 10번,
278,,,통합사회2,인권 보장과 헌법,인권 보장을 위한 헌법의 역할과 시민참여,정치와 법,하,86,Y,형사절차,2022년 10월 학평 8번,
279,,,통합사회2,인권 보장과 헌법,인권 보장을 위한 헌법의 역할과 시민참여,정치와 법,하,82,Y,형사절차,2022학년도 수능 13번,
280,,,통합사회2,인권 보장과 헌법,인권 문제의 양상과 해결 방안,정치와 법,하,64,Y,근로 계약과 근로 3권,2021년 4월 학평 17번,
281,,,통합사회2,인권 보장과 헌법,인권 문제의 양상과 해결 방안,정치와 법,중,43,Y,근로 계약과 근로 3권,2023학년도 수능 9번,
282,,,통합사회2,인권 보장과 헌법,인권 문제의 양상과 해결 방안,정치와 법,중,45,Y,근로 계약과 근로 3권,2024년 7월 학평 17번,
283,,,통합사회2,인권 보장과 헌법,인권 문제의 양상과 해결 방안,정치와 법,하,77,Y,근로 계약과 근로 3권,2021년 3월 학평 4번,
284,,,통합사회2,인권 보장과 헌법,인권 문제의 양상과 해결 방안,정치와 법,중,51,Y,근로 계약과 근로 3권,2024년 3월 학평 14번,
285,,,통합사회2,인권 보장과 헌법,인권 문제의 양상과 해결 방안,정치와 법,하,86,Y,청소년 근로의 보호,2022년 10월 학평 7번,
286,,,통합사회2,인권 보장과 헌법,인권 문제의 양상과 해결 방안,정치와 법,하,87,Y,청소년 근로의 보호,2023년 10월 학평 14번,
287,,,통합사회2,인권 보장과 헌법,인권 문제의 양상과 해결 방안,정치와 법,하,91,Y,청소년 근로의 보호,2021년 10월 학평 18번,
288,,,통합사회2,인권 보장과 헌법,인권 문제의 양상과 해결 방안,정치와 법,하,76,Y,청소년 근로의 보호,2020년 10월 학평 4번,
289,,,통합사회2,인권 보장과 헌법,인권 문제의 양상과 해결 방안,정치와 법,하,64,Y,청소년 근로의 보호,2022년 3월 학평 15번 ,
290,,,통합사회2,인권 보장과 헌법,인권 문제의 양상과 해결 방안,정치와 법,하,68,Y,청소년 근로의 보호,2020년 3월 학평 11번,
291,,,통합사회2,인권 보장과 헌법,인권 문제의 양상과 해결 방안,정치와 법,상,37,Y,청소년 근로의 보호,2021학년도 수능 10번,
292,,,통합사회2,인권 보장과 헌법,인권 문제의 양상과 해결 방안,정치와 법,중,56,Y,청소년 근로의 보호,2023학년도 6월 모평 15번,
293,,,통합사회2,인권 보장과 헌법,인권 문제의 양상과 해결 방안,정치와 법,중,54,Y,청소년 근로의 보호,2020년 4월 학평 16번,
294,,,통합사회2,인권 보장과 헌법,인권 문제의 양상과 해결 방안,정치와 법,중,51,Y,청소년 근로의 보호,2024년 4월 학평 6번,
295,,,통합사회2,인권 보장과 헌법,인권 문제의 양상과 해결 방안,정치와 법,하,77,Y,청소년 근로의 보호,2022학년도 6월 모평 10번,
296,,,통합사회2,인권 보장과 헌법,인권 문제의 양상과 해결 방안,정치와 법,중,56,Y,청소년 근로의 보호,2024학년도 6월 모평 15번,
297,,,통합사회2,인권 보장과 헌법,인권 문제의 양상과 해결 방안,정치와 법,상,27,Y,청소년 근로의 보호,2023년 3월 학평 17번,
298,,,통합사회2,인권 보장과 헌법,인권 문제의 양상과 해결 방안,정치와 법,하,63,Y,청소년 근로의 보호,2025학년도 9월 모평 8번,
298,,,통합사회2,인권 보장과 헌법,인권 문제의 양상과 해결 방안,정치와 법,하,63,Y,청소년 근로의 보호,2025학년도 9월 모평 8번,
299,,,통합사회2,사회정의와 불평등,정의의 의미와 실질적 기준,생활과 윤리,중,45,Y,사회 정의의 분류,2019년 3월 학평 14번,1
300,,,통합사회2,사회정의와 불평등,정의의 의미와 실질적 기준,생활과 윤리,상,17,Y,사회 정의의 분류,2016년 7월 학평 13번,2
301,,,통합사회2,사회정의와 불평등,다양한 정의관의 특징과 적용,생활과 윤리,중,58,Y,분배적 정의관,2021년 10월 학평 15번,3
302,,,통합사회2,사회정의와 불평등,다양한 정의관의 특징과 적용,생활과 윤리,중,55,Y,분배적 정의관,2024년 4월 학평 9번 ,4
303,,,통합사회2,사회정의와 불평등,다양한 정의관의 특징과 적용,생활과 윤리,중,55,Y,분배적 정의관,2020년 3월 학평 5번,5
304,,,통합사회2,사회정의와 불평등,다양한 정의관의 특징과 적용,생활과 윤리,중,47,Y,분배적 정의관,2021학년도 9월 모평 18번,6
305,,,통합사회2,사회정의와 불평등,다양한 정의관의 특징과 적용,생활과 윤리,중,43,Y,분배적 정의관,2020년 10월 학평 7번,7
306,,,통합사회2,사회정의와 불평등,다양한 정의관의 특징과 적용,생활과 윤리,중,59,Y,분배적 정의관,2023학년도 6월 모평 9번,8
307,,,통합사회2,사회정의와 불평등,다양한 정의관의 특징과 적용,생활과 윤리,상,20,Y,분배적 정의관,2019년 4월 학평 19번,9
308,,,통합사회2,사회정의와 불평등,다양한 정의관의 특징과 적용,생활과 윤리,상,24,Y,분배적 정의관,2020학년도 9월 모평 17번,10
309,,,통합사회2,사회정의와 불평등,다양한 정의관의 특징과 적용,생활과 윤리,하,83,Y,분배적 정의관,(윤사) 2019년 10월 학평 7번,11
310,,,통합사회2,사회정의와 불평등,다양한 정의관의 특징과 적용,생활과 윤리,하,61,Y,분배적 정의관,2021년 7월 학평 10번,12
311,,,통합사회2,사회정의와 불평등,다양한 정의관의 특징과 적용,생활과 윤리,상,32,Y,분배적 정의관,2023학년도 수능 9번,13
312,,,통합사회2,사회정의와 불평등,다양한 정의관의 특징과 적용,생활과 윤리,중,42,Y,분배적 정의관,2024학년도 6월 모평 8번,14
313,,,통합사회2,사회정의와 불평등,다양한 정의관의 특징과 적용,생활과 윤리,하,67,Y,분배적 정의관,2021년 4월 학평 9번,15
314,,,통합사회2,사회정의와 불평등,다양한 정의관의 특징과 적용,생활과 윤리,중,57,Y,분배적 정의관,2022년 4월 학평 15번,16
315,,,통합사회2,사회정의와 불평등,다양한 정의관의 특징과 적용,생활과 윤리,중,53,Y,분배적 정의관,2022학년도 9월 모평 10번,17
316,,,통합사회2,사회정의와 불평등,다양한 정의관의 특징과 적용,생활과 윤리,중,46,Y,분배적 정의관,2022학년도 6월 모평 7번,18
317,,,통합사회2,사회정의와 불평등,다양한 정의관의 특징과 적용,생활과 윤리,하,61,Y,분배적 정의관,2021학년도 수능 10번,19
318,,,통합사회2,사회정의와 불평등,다양한 정의관의 특징과 적용,생활과 윤리,중,50,Y,분배적 정의관,2021년 3월 학평2번 ,20
319,,,통합사회2,사회정의와 불평등,다양한 정의관의 특징과 적용,생활과 윤리,상,29,Y,분배적 정의관,2022학년도 수능 10번,21
320,,,통합사회2,사회정의와 불평등,다양한 정의관의 특징과 적용,생활과 윤리,중,52,Y,분배적 정의관,2019년 10월 학평 4번,22
321,,,통합사회2,사회정의와 불평등,다양한 정의관의 특징과 적용,생활과 윤리,상,34,Y,분배적 정의관,2022년 3월 학평 9번,23
322,,,통합사회2,사회정의와 불평등,다양한 정의관의 특징과 적용,생활과 윤리,중,51,Y,분배적 정의관,2022년 7월 학평 7번,24
323,,,통합사회2,사회정의와 불평등,다양한 정의관의 특징과 적용,생활과 윤리,중,60,Y,분배적 정의관,2024년 7월 학평 15번,25
324,,,통합사회2,사회정의와 불평등,다양한 정의관의 특징과 적용,생활과 윤리,하,82,Y,분배적 정의관,(윤사) 2020학년도 수능 7번,26
325,,,통합사회2,사회정의와 불평등,다양한 정의관의 특징과 적용,생활과 윤리,중,46,Y,분배적 정의관,2023년 3월 학평 9번,27
326,,,통합사회2,사회정의와 불평등,다양한 정의관의 특징과 적용,생활과 윤리,상,12,Y,분배적 정의관,2025학년도 6월 모평 15번,28
327,,,통합사회2,사회정의와 불평등,다양한 정의관의 특징과 적용,생활과 윤리,상,21,Y,분배적 정의관,2024학년도 9월 모평 15번,29
328,,,통합사회2,사회정의와 불평등,다양한 정의관의 특징과 적용,생활과 윤리,중,51,Y,분배적 정의관,2023년 4월 학평 12번,30
329,,,통합사회2,사회정의와 불평등,다양한 정의관의 특징과 적용,생활과 윤리,상,31,Y,분배적 정의관,2020학년도 수능 10번,31
330,,,통합사회2,사회정의와 불평등,다양한 정의관의 특징과 적용,생활과 윤리,중,50,Y,분배적 정의관,2023년 10월 학평 5번,32
331,,,통합사회2,사회정의와 불평등,다양한 정의관의 특징과 적용,생활과 윤리,상,33,Y,"분배적 정의관, 사회 정의의 분류",2020년 7월 학평 10번,33
332,,,통합사회2,사회정의와 불평등,다양한 정의관의 특징과 적용,생활과 윤리,상,31,Y,분배적 정의관,2024년 3월 학평 15번,34
333,,,통합사회2,사회정의와 불평등,다양한 정의관의 특징과 적용,생활과 윤리,중,46,Y,분배적 정의관,2019년 3월 학평 9번,35
334,,,통합사회2,사회정의와 불평등,다양한 정의관의 특징과 적용,생활과 윤리,하,81,Y,분배적 정의관,2017학년도 6월 모평 11번,36
335,,,통합사회2,사회정의와 불평등,다양한 정의관의 특징과 적용,생활과 윤리,중,43,Y,"분배적 정의관, 사회 정의의 분류",2019년 7월 학평 7번,37
336,,,통합사회2,사회정의와 불평등,다양한 정의관의 특징과 적용,생활과 윤리,중,43,Y,분배적 정의관,2023학년도 9월 모평 15번,38
337,,,통합사회2,사회정의와 불평등,다양한 정의관의 특징과 적용,생활과 윤리,중,43,Y,분배적 정의관,2023년 7월 학평 10번,39
338,,,통합사회2,사회정의와 불평등,다양한 정의관의 특징과 적용,생활과 윤리,하,77,Y,분배적 정의관,2022년 10월 학평 10번,40
339,,,통합사회2,사회정의와 불평등,다양한 정의관의 특징과 적용,생활과 윤리,하,87,Y,우대 정책에 대한 윤리적 쟁점,2019년 7월 학평11번 ,41
340,,,통합사회2,사회정의와 불평등,다양한 정의관의 특징과 적용,생활과 윤리,중,44,Y,분배적 정의관,2020년 4월 학평 14번,42
341,,,통합사회2,사회정의와 불평등,다양한 정의관의 특징과 적용,생활과 윤리,하,91,Y,우대 정책에 대한 윤리적 쟁점,2018년 3월 학평 11번,43
342,,,통합사회2,사회정의와 불평등,다양한 정의관의 특징과 적용,생활과 윤리,상,38,Y,분배적 정의관,2020학년도 6월 모평 15번,44
343,,,통합사회2,사회정의와 불평등,다양한 정의관의 특징과 적용,생활과 윤리,하,84,Y,우대 정책에 대한 윤리적 쟁점,2017년 10월 학평 14번,45
344,,,통합사회2,사회정의와 불평등,다양한 정의관의 특징과 적용,생활과 윤리,하,68,Y,분배적 정의관,2021학년도 6월 모평 7번,46
345,,,통합사회2,사회정의와 불평등,다양한 정의관의 특징과 적용,생활과 윤리,하,92,Y,우대 정책에 대한 윤리적 쟁점,2018학년도 9월 모평 6번,47
346,,,통합사회2,사회정의와 불평등,다양한 정의관의 특징과 적용,생활과 윤리,중,58,Y,분배적 정의관,2024학년도 수능 14번,48
347,,,통합사회2,사회정의와 불평등,다양한 정의관의 특징과 적용,생활과 윤리,하,78,Y,우대 정책에 대한 윤리적 쟁점,2018년 7월 학평 8번,49
348,,,통합사회2,사회정의와 불평등,다양한 정의관의 특징과 적용,생활과 윤리,중,59,Y,분배적 정의관,2025학년도 9월 모평 10번,50
349,,,통합사회2,사회정의와 불평등,다양한 정의관의 특징과 적용,생활과 윤리,하,70,Y,우대 정책에 대한 윤리적 쟁점,2025학년도 9월 모평 7번,51
350,,,통합사회2,사회정의와 불평등,다양한 정의관의 특징과 적용,생활과 윤리,하,71,Y,분배적 정의관,2024년 10월 학평 12번 ,52
351,,,통합사회2,사회정의와 불평등,다양한 정의관의 특징과 적용,생활과 윤리,상,35,Y,분배적 정의관,2025학년도 수능 15번,53
352,,,통합사회2,인권 보장과 헌법,인권의 의미와 현대 사회의 인권,생활과 윤리,중,42,Y,사회계약론,2024년 3월 학평 13번,54
353,,,통합사회2,인권 보장과 헌법,인권의 의미와 현대 사회의 인권,생활과 윤리,하,71,Y,국가의 의무에 대한 동서양의 관점,2020년 10월 학평 3번,55
354,,,통합사회2,인권 보장과 헌법,인권의 의미와 현대 사회의 인권,생활과 윤리,중,58,Y,국가의 의무에 대한 동서양의 관점,2023학년도 6월 모평 11번,56
355,,,통합사회2,인권 보장과 헌법,인권의 의미와 현대 사회의 인권,생활과 윤리,중,55,Y,국가의 의무에 대한 동서양의 관점,2020년 4월 학평 12번,57
356,,,통합사회2,인권 보장과 헌법,인권의 의미와 현대 사회의 인권,생활과 윤리,하,68,Y,국가의 의무에 대한 동서양의 관점,2022학년도 수능 15번,58
357,,,통합사회2,인권 보장과 헌법,인권의 의미와 현대 사회의 인권,생활과 윤리,하,72,Y,국가의 의무에 대한 동서양의 관점,2022년 4월 학평 13번,59
358,,,통합사회2,인권 보장과 헌법,인권의 의미와 현대 사회의 인권,생활과 윤리,하,79,Y,국가의 의무에 대한 동서양의 관점,2021년 4월 학평 18번,60
359,,,통합사회2,인권 보장과 헌법,인권의 의미와 현대 사회의 인권,생활과 윤리,하,84,Y,국가의 의무에 대한 동서양의 관점,2022학년도 9월 모평 7번,61
360,,,통합사회2,인권 보장과 헌법,인권의 의미와 현대 사회의 인권,생활과 윤리,상,28,Y,사회계약론,2024학년도 6월 모평 6번,62
361,,,통합사회2,인권 보장과 헌법,인권의 의미와 현대 사회의 인권,생활과 윤리,상,36,Y,사회계약론,2023년 3월 학평 10번,63
362,,,통합사회2,인권 보장과 헌법,인권의 의미와 현대 사회의 인권,생활과 윤리,상,40,Y,사회계약론,2022년 10월 학평 12번,64
363,,,통합사회2,인권 보장과 헌법,인권의 의미와 현대 사회의 인권,생활과 윤리,상,36,Y,사회계약론,2023학년도 수능 12번,65
364,,,통합사회2,인권 보장과 헌법,인권의 의미와 현대 사회의 인권,생활과 윤리,상,37,Y,사회계약론,2024학년도 9월 모평 13번,66
365,,,통합사회2,인권 보장과 헌법,인권의 의미와 현대 사회의 인권,생활과 윤리,하,61,Y,사회계약론,2023년 10월 학평 2번,67
366,,,통합사회2,인권 보장과 헌법,인권의 의미와 현대 사회의 인권,생활과 윤리,하,63,Y,사회계약론,2024학년도 수능 7번,68
367,,,통합사회2,인권 보장과 헌법,인권의 의미와 현대 사회의 인권,생활과 윤리,중,45,Y,사회계약론,2024년 4월 학평 15번,69
368,,,통합사회2,인권 보장과 헌법,인권의 의미와 현대 사회의 인권,생활과 윤리,중,53,Y,사회계약론,2024년 7월 학평 18번,70
369,,,통합사회2,인권 보장과 헌법,인권 보장을 위한 헌법의 역할과 시민 참여,생활과 윤리,하,75,Y,시민 불복종,2019년 10월 학평 16번,71
370,,,통합사회2,인권 보장과 헌법,인권 보장을 위한 헌법의 역할과 시민 참여,생활과 윤리,중,53,Y,시민 불복종,2020년 3월 학평 12번,72
371,,,통합사회2,인권 보장과 헌법,인권 보장을 위한 헌법의 역할과 시민 참여,생활과 윤리,하,66,Y,시민 불복종,2022년 3월 학평 19번,73
372,,,통합사회2,인권 보장과 헌법,인권 보장을 위한 헌법의 역할과 시민 참여,생활과 윤리,하,70,Y,시민 불복종,2021년 10월 학평 16번 ,74
373,,,통합사회2,인권 보장과 헌법,인권 보장을 위한 헌법의 역할과 시민 참여,생활과 윤리,하,61,Y,시민 불복종,2021년 3월 학평 7번,75
374,,,통합사회2,인권 보장과 헌법,인권 보장을 위한 헌법의 역할과 시민 참여,생활과 윤리,중,52,Y,시민 불복종,2020학년도 9월 모평 7번,76
375,,,통합사회2,인권 보장과 헌법,인권 보장을 위한 헌법의 역할과 시민 참여,생활과 윤리,중,44,Y,시민 불복종,2022학년도 6월 모평 16번,77
376,,,통합사회2,인권 보장과 헌법,인권 보장을 위한 헌법의 역할과 시민 참여,생활과 윤리,중,46,Y,시민 불복종,2023년 7월 학평 12번,78
377,,,통합사회2,인권 보장과 헌법,인권 보장을 위한 헌법의 역할과 시민 참여,생활과 윤리,중,44,Y,시민 불복종,2024학년도 수능 9번,79
378,,,통합사회2,인권 보장과 헌법,인권 보장을 위한 헌법의 역할과 시민 참여,생활과 윤리,중,46,Y,시민 불복종,2020년 7월 학평 16번,80
379,,,통합사회2,인권 보장과 헌법,인권 보장을 위한 헌법의 역할과 시민 참여,생활과 윤리,하,67,Y,시민 불복종,2021학년도 수능 12번,81
380,,,통합사회2,인권 보장과 헌법,인권 보장을 위한 헌법의 역할과 시민 참여,생활과 윤리,하,79,Y,시민 불복종,2023년 10월 학평 10번,82
381,,,통합사회2,인권 보장과 헌법,인권 보장을 위한 헌법의 역할과 시민 참여,생활과 윤리,중,58,Y,시민 불복종,2020년 10월 학평 4번,83
382,,,통합사회2,인권 보장과 헌법,인권 보장을 위한 헌법의 역할과 시민 참여,생활과 윤리,상,37,Y,시민 불복종,2023년 3월 학평 17번,84
383,,,통합사회2,인권 보장과 헌법,인권 보장을 위한 헌법의 역할과 시민 참여,생활과 윤리,하,71,Y,시민 불복종,2022년 4월 학평 18번,85
384,,,통합사회2,인권 보장과 헌법,인권 보장을 위한 헌법의 역할과 시민 참여,생활과 윤리,하,63,Y,시민 불복종,2022학년도 수능 3번,86
385,,,통합사회2,인권 보장과 헌법,인권 보장을 위한 헌법의 역할과 시민 참여,생활과 윤리,중,45,Y,시민 불복종,2022학년도 9월 모평 17번,87
386,,,통합사회2,인권 보장과 헌법,인권 보장을 위한 헌법의 역할과 시민 참여,생활과 윤리,중,51,Y,시민 불복종,2022년 7월 학평 14번,88
387,,,통합사회2,인권 보장과 헌법,인권 보장을 위한 헌법의 역할과 시민 참여,생활과 윤리,하,64,Y,시민 불복종,2021학년도 6월 모평 11번,89
388,,,통합사회2,인권 보장과 헌법,인권 보장을 위한 헌법의 역할과 시민 참여,생활과 윤리,중,45,Y,시민 불복종,2024년 3월 학평 4번,90
389,,,통합사회2,인권 보장과 헌법,인권 보장을 위한 헌법의 역할과 시민 참여,생활과 윤리,중,45,Y,시민 불복종,2019년 7월 학평 3번,91
390,,,통합사회2,인권 보장과 헌법,인권 보장을 위한 헌법의 역할과 시민 참여,생활과 윤리,중,56,Y,시민 불복종,2024년 7월 학평 7번,92
391,,,통합사회2,인권 보장과 헌법,인권 보장을 위한 헌법의 역할과 시민 참여,생활과 윤리,중,55,Y,시민 불복종,2021년 7월 학평 17번,93
392,,,통합사회2,인권 보장과 헌법,인권 보장을 위한 헌법의 역할과 시민 참여,생활과 윤리,하,63,Y,시민 불복종,2024년 4월 학평 13번,94
393,,,통합사회2,인권 보장과 헌법,인권 보장을 위한 헌법의 역할과 시민 참여,생활과 윤리,하,61,Y,시민 불복종,2019년 4월 학평 12번,95
394,,,통합사회2,인권 보장과 헌법,인권 보장을 위한 헌법의 역할과 시민 참여,생활과 윤리,중,53,Y,시민 불복종,2023학년도 6월 모평 12번,96
395,,,통합사회2,인권 보장과 헌법,인권 보장을 위한 헌법의 역할과 시민 참여,생활과 윤리,상,39,Y,시민 불복종,2021년 4월 학평 14번,97
396,,,통합사회2,인권 보장과 헌법,인권 보장을 위한 헌법의 역할과 시민 참여,생활과 윤리,중,53,Y,시민 불복종,2020학년도 수능 18번,98
397,,,통합사회2,인권 보장과 헌법,인권 보장을 위한 헌법의 역할과 시민 참여,생활과 윤리,중,44,Y,시민 불복종,2021학년도 9월 모평 7번,99
398,,,통합사회2,인권 보장과 헌법,인권 보장을 위한 헌법의 역할과 시민 참여,생활과 윤리,중,53,Y,시민 불복종,2023년 4월 학평 3번,100
399,,,통합사회2,인권 보장과 헌법,인권 보장을 위한 헌법의 역할과 시민 참여,생활과 윤리,하,68,Y,시민 불복종,2023학년도 9월 모평 8번,101
400,,,통합사회2,인권 보장과 헌법,인권 보장을 위한 헌법의 역할과 시민 참여,생활과 윤리,상,24,Y,시민 불복종,2022년 10월 학평 19번,102
401,,,통합사회2,인권 보장과 헌법,인권 보장을 위한 헌법의 역할과 시민 참여,생활과 윤리,중,48,Y,시민 불복종,2020학년도 6월 모평 12번,103
402,,,통합사회2,인권 보장과 헌법,인권 보장을 위한 헌법의 역할과 시민 참여,생활과 윤리,상,37,Y,시민 불복종,2020년 4월 학평 7번,104
403,,,통합사회2,인권 보장과 헌법,인권 보장을 위한 헌법의 역할과 시민 참여,생활과 윤리,중,46,Y,시민 불복종,2023학년도 수능 14번,105
404,,,통합사회2,인권 보장과 헌법,인권 보장을 위한 헌법의 역할과 시민 참여,생활과 윤리,중,41,Y,시민 불복종,2024학년도 6월 모평 5번,106
405,,,통합사회2,인권 보장과 헌법,인권 보장을 위한 헌법의 역할과 시민 참여,생활과 윤리,상,36,Y,시민 불복종,2024학년도 9월 모평 7번,107
406,,,통합사회2,인권 보장과 헌법,인권 보장을 위한 헌법의 역할과 시민 참여,생활과 윤리,하,62,Y,시민 불복종,2019년 3월 학평 13번,108
407,,,통합사회2,인권 보장과 헌법,인권 보장을 위한 헌법의 역할과 시민 참여,생활과 윤리,상,40,Y,시민 불복종,2025학년도 6월 모평 14번,109
408,,,통합사회2,인권 보장과 헌법,인권의 의미와 현대 사회의 인권,생활과 윤리,중,49,Y,사회계약론,2025학년도 9월 모평 9번,110
409,,,통합사회2,인권 보장과 헌법,인권 보장을 위한 헌법의 역할과 시민 참여,생활과 윤리,중,66,Y,시민 불복종,2025학년도 9월 모평 12번,111
410,,,통합사회2,인권 보장과 헌법,인권의 의미와 현대 사회의 인권,생활과 윤리,중,50,Y,사회계약론,2024년 10월 학평 19번,112
411,,,통합사회2,인권 보장과 헌법,인권 보장을 위한 헌법의 역할과 시민 참여,생활과 윤리,중,51,Y,시민 불복종 ,2024년 10월 학평 8번,113
412,,,통합사회2,인권 보장과 헌법,인권의 의미와 현대 사회의 인권,생활과 윤리,중,51,Y,사회계약론,2025학년도 수능 10번,114
413,,,통합사회2,인권 보장과 헌법,인권 보장을 위한 헌법의 역할과 시민 참여,생활과 윤리,상,24,Y,시민 불복종,2025학년도 수능 18번,115
